model,trial_id,source_episode_id,switched,observation,p_minus15,p_flat,p_plus15
diffusion,test_c1_side-1_episode10200_no_switch,10200,False,0,0.3333333333333333,0.3333333333333333,0.3333333333333333
diffusion,test_c1_side-1_episode10200_no_switch,10200,False,1,0.002498151632554377,0.9957998256763949,0.0017020226910506836
diffusion,test_c1_side-1_episode10200_no_switch,10200,False,2,0.000731844108815553,0.9989843513307669,0.0002838045604175134
diffusion,test_c1_side-1_episode10200_no_switch,10200,False,3,0.007600495059173343,0.9902255759387825,0.00217392900204412
diffusion,test_c1_side-1_episode10200_no_switch,10200,False,4,0.014899333589526574,0.9800036271589148,0.005097039251558635
diffusion,test_c1_side-1_episode10200_no_switch,10200,False,5,0.022275938682216077,0.9644231638729307,0.013300897444853183
diffusion,test_c1_side-1_episode10200_no_switch,10200,False,6,0.029876399096161937,0.9492647661988749,0.020858834704963275
diffusion,test_c1_side-1_episode10200_no_switch,10200,False,7,0.03686568941046929,0.9348687378970946,0.028265572692436083
diffusion,test_c1_side-1_episode10200_no_switch,10200,False,8,0.040280671442332584,0.9202000793533136,0.039519249204353755
diffusion,test_c1_side-1_episode10200_no_switch,10200,False,9,0.04114406091354761,0.9052674658868152,0.053588473199637145
diffusion,test_c1_side-1_episode10200_no_switch,10200,False,10,0.04075438007809331,0.8900541220649453,0.06919149785696146
diffusion,test_c1_side-1_episode10200_no_switch,10200,False,11,0.04056797904807637,0.8749918427389649,0.0844401782129588
diffusion,test_c1_side-1_episode10200_no_switch,10200,False,12,0.04147397364126931,0.8601393888814964,0.09838663747723433
diffusion,test_c1_side-1_episode10200_no_switch,10200,False,13,0.043782099033623637,0.8458913822880183,0.11032651867835809
diffusion,test_c1_side-1_episode10200_no_switch,10200,False,14,0.04749062247448704,0.8340577141172604,0.11845166340825258
diffusion,test_c1_side-1_episode10200_no_switch,10200,False,15,0.05302100560812685,0.8265643882014343,0.1204146061904388
diffusion,test_c1_side-1_episode10200_no_switch,10200,False,16,0.06053755346990486,0.8249842844788549,0.11447816205124042
diffusion,test_c1_side-1_episode10200_no_switch,10200,False,17,0.06932406313296985,0.8298965754573685,0.1007793614096617
diffusion,test_c1_side-1_episode10200_no_switch,10200,False,18,0.07839387251263769,0.8402911852966579,0.08131494219070448
diffusion,test_c1_side-1_episode10200_no_switch,10200,False,19,0.08522585373972874,0.8550832072871498,0.059690938973121443
diffusion,test_c1_side-1_episode10200_no_switch,10200,False,20,0.08712531017389667,0.8720999032592734,0.04077478656682992
diffusion,test_c1_side-1_episode10200_no_switch,10200,False,21,0.08340166049109526,0.8895720648600765,0.02702627464882827
diffusion,test_c1_side-1_episode10200_no_switch,10200,False,22,0.07583097477301425,0.9057369593127294,0.01843206591425649
diffusion,test_c1_side-1_episode10200_no_switch,10200,False,23,0.06850838286502667,0.9183459488900108,0.013145668244962515
diffusion,test_c1_side-1_episode10200_no_switch,10200,False,24,0.06394569973607611,0.9265981482383762,0.009456152025547776
diffusion,test_c1_side-1_episode10200_no_switch,10200,False,25,0.06390779471810604,0.9293392468310684,0.006752958450825591
diffusion,test_c1_side-1_episode10200_no_switch,10200,False,26,0.06800097441142795,0.9251138759844678,0.00688514960410414
diffusion,test_c1_side-1_episode10200_no_switch,10200,False,27,0.06987822620933573,0.9226048933411495,0.007516880449514883
diffusion,test_c1_side-1_episode10200_no_switch,10200,False,28,0.07891712191985929,0.9130334416845632,0.008049436395577541
diffusion,test_c1_side-1_episode10200_no_switch,10200,False,29,0.08278484085075508,0.9101233186470526,0.007091840502192397
diffusion,test_c1_side-1_episode10200_no_switch,10200,False,30,0.0790452760923497,0.9125047188966611,0.008450005010989277
diffusion,test_c1_side-1_episode10200_switch_10,10200,True,0,0.3333333333333333,0.3333333333333333,0.3333333333333333
diffusion,test_c1_side-1_episode10200_switch_10,10200,True,1,0.002492238769385158,0.9958009545174783,0.0017068067131365205
diffusion,test_c1_side-1_episode10200_switch_10,10200,True,2,0.0007315265280434787,0.9989851734014865,0.00028330007047016426
diffusion,test_c1_side-1_episode10200_switch_10,10200,True,3,0.007593414853955761,0.9902288490329694,0.0021777361130748797
diffusion,test_c1_side-1_episode10200_switch_10,10200,True,4,0.014901132255137449,0.9799876967524735,0.005111170992388972
diffusion,test_c1_side-1_episode10200_switch_10,10200,True,5,0.022204704826529222,0.9644430357821879,0.013352259391282876
diffusion,test_c1_side-1_episode10200_switch_10,10200,True,6,0.029787226960937975,0.949295093245769,0.020917679793293013
diffusion,test_c1_side-1_episode10200_switch_10,10200,True,7,0.036897816348895475,0.9348515390288893,0.028250644622215285
diffusion,test_c1_side-1_episode10200_switch_10,10200,True,8,0.04036245135457326,0.9201560167905248,0.039481531854901886
diffusion,test_c1_side-1_episode10200_switch_10,10200,True,9,0.04115576076243344,0.905270568744738,0.05357367049282853
diffusion,test_c1_side-1_episode10200_switch_10,10200,True,10,0.04077676654239694,0.8900624150281037,0.06916081842949942
diffusion,test_c1_side-1_episode10200_switch_10,10200,True,11,0.007385359927936201,0.7369543430629567,0.25566029700910714
diffusion,test_c1_side-1_episode10200_switch_10,10200,True,12,0.0019377944774947849,0.5914203581159396,0.4066418474065656
diffusion,test_c1_side-1_episode10200_switch_10,10200,True,13,0.00013289976111511707,0.3586383696277207,0.641228730611164
diffusion,test_c1_side-1_episode10200_switch_10,10200,True,14,3.6221717589081803e-07,0.01557716193656294,0.9844224758462612
diffusion,test_c1_side-1_episode10200_switch_10,10200,True,15,1.3987246213165822e-10,2.9671295844344266e-05,0.9999703285642833
diffusion,test_c1_side-1_episode10200_switch_10,10200,True,16,3.530789041317772e-14,1.1752641606757667e-06,0.999998824735804
diffusion,test_c1_side-1_episode10200_switch_10,10200,True,17,4.974685541803012e-19,7.919882325393487e-09,0.9999999920801177
diffusion,test_c1_side-1_episode10200_switch_10,10200,True,18,1.4553445675906854e-34,1.7791065238487915e-12,0.999999999998221
diffusion,test_c1_side-1_episode10200_switch_10,10200,True,19,5.300596880452026e-17,1.0,1.9802346561555023e-20
diffusion,test_c1_side-1_episode10200_switch_10,10200,True,20,1.0027936538685914e-10,0.9999999998997207,2.8203393849068046e-30
diffusion,test_c1_side-1_episode10200_switch_10,10200,True,21,1.0275061742750712e-07,0.9999998972493825,1.0026371029002639e-28
diffusion,test_c1_side-1_episode10200_switch_10,10200,True,22,4.956040635322129e-06,0.9999823339252927,1.2710034071897205e-05
diffusion,test_c1_side-1_episode10200_switch_10,10200,True,23,2.5347843012925362e-17,1.4179557291587761e-05,0.9999858204427083
diffusion,test_c1_side-1_episode10200_switch_10,10200,True,24,5.332055889529787e-20,5.609350587583658e-09,0.9999999943906495
diffusion,test_c1_side-1_episode10200_switch_10,10200,True,25,5.343027248022186e-13,0.00019643324320218938,0.9998035667562635
diffusion,test_c1_side-1_episode10200_switch_10,10200,True,26,0.0001451975970011661,0.9868427864515735,0.013012015951425386
diffusion,test_c1_side-1_episode10200_switch_10,10200,True,27,0.2515914135612426,0.7484085860415794,3.971780415709282e-10
diffusion,test_c1_side-1_episode10200_switch_10,10200,True,28,0.9999990645878877,9.35412112336986e-07,4.819402597186332e-21
diffusion,test_c1_side-1_episode10200_switch_10,10200,True,29,0.9999999999999958,4.228729109317417e-15,1.7362626123596313e-33
diffusion,test_c1_side-1_episode10200_switch_10,10200,True,30,1.0,3.6815443872343164e-18,8.017286318579376e-39
diffusion,test_c1_side-1_episode10201_no_switch,10201,False,0,0.3333333333333333,0.3333333333333333,0.3333333333333333
diffusion,test_c1_side-1_episode10201_no_switch,10201,False,1,0.0025693473848774438,0.9951085594780277,0.00232209313709475
diffusion,test_c1_side-1_episode10201_no_switch,10201,False,2,0.001214447538963182,0.99836904815883,0.0004165043022068526
diffusion,test_c1_side-1_episode10201_no_switch,10201,False,3,0.006867010870401206,0.9911989402379583,0.0019340488916404191
diffusion,test_c1_side-1_episode10201_no_switch,10201,False,4,0.014440722507680293,0.9818281443377599,0.0037311331545598716
diffusion,test_c1_side-1_episode10201_no_switch,10201,False,5,0.02313020217643211,0.963921103832747,0.012948693990820853
diffusion,test_c1_side-1_episode10201_no_switch,10201,False,6,0.029455228665225933,0.9457372342607129,0.024807537074061192
diffusion,test_c1_side-1_episode10201_no_switch,10201,False,7,0.03757848084143179,0.9281377793650181,0.03428373979355013
diffusion,test_c1_side-1_episode10201_no_switch,10201,False,8,0.041595255682731896,0.9107185934124278,0.047686150904840345
diffusion,test_c1_side-1_episode10201_no_switch,10201,False,9,0.04294228680874128,0.8940218948358445,0.06303581835541416
diffusion,test_c1_side-1_episode10201_no_switch,10201,False,10,0.04282432617733946,0.878504879101474,0.0786707947211865
diffusion,test_c1_side-1_episode10201_no_switch,10201,False,11,0.04263091615719613,0.8641687843956842,0.09320029944711979
diffusion,test_c1_side-1_episode10201_no_switch,10201,False,12,0.04358522948620815,0.8510856635978895,0.10532910691590236
diffusion,test_c1_side-1_episode10201_no_switch,10201,False,13,0.04576519043194572,0.8410852948878442,0.11314951468021008
diffusion,test_c1_side-1_episode10201_no_switch,10201,False,14,0.04950251850561949,0.8358470875670841,0.11465039392729642
diffusion,test_c1_side-1_episode10201_no_switch,10201,False,15,0.05520875368164301,0.8360934803768616,0.10869776594149538
diffusion,test_c1_side-1_episode10201_no_switch,10201,False,16,0.06269665883477851,0.8420493883778734,0.09525395278734822
diffusion,test_c1_side-1_episode10201_no_switch,10201,False,17,0.0716366712478395,0.852506792102687,0.07585653664947355
diffusion,test_c1_side-1_episode10201_no_switch,10201,False,18,0.08036757342333554,0.8655235544181934,0.05410887215847113
diffusion,test_c1_side-1_episode10201_no_switch,10201,False,19,0.08646054604624313,0.8790041062155141,0.03453534773824289
diffusion,test_c1_side-1_episode10201_no_switch,10201,False,20,0.08728718793855085,0.8919204144437237,0.020792397617725455
diffusion,test_c1_side-1_episode10201_no_switch,10201,False,21,0.08302517991137472,0.904319523928659,0.01265529615996634
diffusion,test_c1_side-1_episode10201_no_switch,10201,False,22,0.0763502119623075,0.9153697286052,0.008280059432492467
diffusion,test_c1_side-1_episode10201_no_switch,10201,False,23,0.0714616083383759,0.9228668657721247,0.0056715258894994075
diffusion,test_c1_side-1_episode10201_no_switch,10201,False,24,0.06794736352920246,0.926709473008901,0.005343163461896538
diffusion,test_c1_side-1_episode10201_no_switch,10201,False,25,0.06113734664091099,0.9333674929359523,0.00549516042313666
diffusion,test_c1_side-1_episode10201_no_switch,10201,False,26,0.055321881010116675,0.9387788921571976,0.005899226832685743
diffusion,test_c1_side-1_episode10201_no_switch,10201,False,27,0.06255583011251739,0.9316267257227688,0.0058174441647138656
diffusion,test_c1_side-1_episode10201_no_switch,10201,False,28,0.06990089641912334,0.9251362758000379,0.004962827780838829
diffusion,test_c1_side-1_episode10201_no_switch,10201,False,29,0.07262054116470766,0.9213794578643388,0.006000000970953492
diffusion,test_c1_side-1_episode10201_no_switch,10201,False,30,0.0882076178537466,0.9038125138441273,0.00797986830212616
diffusion,test_c1_side-1_episode10201_switch_10,10201,True,0,0.3333333333333333,0.3333333333333333,0.3333333333333333
diffusion,test_c1_side-1_episode10201_switch_10,10201,True,1,0.0025614201715236473,0.9951102914587004,0.0023282883697760453
diffusion,test_c1_side-1_episode10201_switch_10,10201,True,2,0.001213846687578861,0.99836979790178,0.00041635541064116705
diffusion,test_c1_side-1_episode10201_switch_10,10201,True,3,0.006864233215709186,0.9912036360410809,0.0019321307432099528
diffusion,test_c1_side-1_episode10201_switch_10,10201,True,4,0.014422925422789754,0.9818495321285885,0.0037275424486216337
diffusion,test_c1_side-1_episode10201_switch_10,10201,True,5,0.023155944974903937,0.9638973678437924,0.012946687181303696
diffusion,test_c1_side-1_episode10201_switch_10,10201,True,6,0.02942790707794592,0.9457867369328337,0.024785355989220464
diffusion,test_c1_side-1_episode10201_switch_10,10201,True,7,0.03759463986967331,0.9281615771653519,0.034243782964974885
diffusion,test_c1_side-1_episode10201_switch_10,10201,True,8,0.041640168579385746,0.9106781257327139,0.04768170568790041
diffusion,test_c1_side-1_episode10201_switch_10,10201,True,9,0.043039085861771395,0.8939439820905785,0.06301693204765012
diffusion,test_c1_side-1_episode10201_switch_10,10201,True,10,0.04289265321357827,0.8784456220966245,0.07866172468979722
diffusion,test_c1_side-1_episode10201_switch_10,10201,True,11,0.006763265959669152,0.722669090154703,0.2705676438856277
diffusion,test_c1_side-1_episode10201_switch_10,10201,True,12,0.002088900553005346,0.5474973238814751,0.4504137755655194
diffusion,test_c1_side-1_episode10201_switch_10,10201,True,13,0.00018583122385652388,0.34941796330025643,0.6503962054758871
diffusion,test_c1_side-1_episode10201_switch_10,10201,True,14,9.840617290100697e-07,0.029787785799257734,0.9702112301390133
diffusion,test_c1_side-1_episode10201_switch_10,10201,True,15,7.787491669680061e-10,0.00014884857353090507,0.9998511506477199
diffusion,test_c1_side-1_episode10201_switch_10,10201,True,16,5.066839538197841e-13,9.952926738734086e-06,0.9999900470727546
diffusion,test_c1_side-1_episode10201_switch_10,10201,True,17,2.914561145130511e-17,1.9302827434730449e-07,0.9999998069717255
diffusion,test_c1_side-1_episode10201_switch_10,10201,True,18,1.413208397220842e-33,7.532629400875464e-14,0.9999999999999247
diffusion,test_c1_side-1_episode10201_switch_10,10201,True,19,5.017916881860809e-24,0.9999999995194839,4.805159707275565e-10
diffusion,test_c1_side-1_episode10201_switch_10,10201,True,20,2.3552081850751494e-11,0.999999999976448,1.5695492163408282e-20
diffusion,test_c1_side-1_episode10201_switch_10,10201,True,21,3.241535309814458e-11,0.9999999999675846,4.060339328892026e-19
diffusion,test_c1_side-1_episode10201_switch_10,10201,True,22,1.0509658513942293e-08,0.999999953200799,3.628954256495793e-08
diffusion,test_c1_side-1_episode10201_switch_10,10201,True,23,1.187397371707288e-12,0.025577908023529966,0.9744220919752826
diffusion,test_c1_side-1_episode10201_switch_10,10201,True,24,5.1634896560716466e-23,5.880882045504303e-11,0.9999999999411912
diffusion,test_c1_side-1_episode10201_switch_10,10201,True,25,4.3331661564216085e-21,1.3298123095404604e-09,0.9999999986701877
diffusion,test_c1_side-1_episode10201_switch_10,10201,True,26,2.49823376956833e-12,0.001268354917530982,0.9987316450799708
diffusion,test_c1_side-1_episode10201_switch_10,10201,True,27,0.0003961586604441745,0.9992833198134011,0.0003205215261546508
diffusion,test_c1_side-1_episode10201_switch_10,10201,True,28,0.9997205429358972,0.00027945706410281734,3.3973400413360367e-19
diffusion,test_c1_side-1_episode10201_switch_10,10201,True,29,0.9999999999993501,6.499068539819382e-13,3.639115743613093e-30
diffusion,test_c1_side-1_episode10201_switch_10,10201,True,30,0.9999999999999993,7.761497809157591e-16,3.4961345147817196e-34
diffusion,test_c1_side+1_episode12200_no_switch,12200,False,0,0.3333333333333333,0.3333333333333333,0.3333333333333333
diffusion,test_c1_side+1_episode12200_no_switch,12200,False,1,0.0024775437594592065,0.9947843511073468,0.0027381051331940693
diffusion,test_c1_side+1_episode12200_no_switch,12200,False,2,0.001915450453673183,0.997422612750134,0.0006619367961927888
diffusion,test_c1_side+1_episode12200_no_switch,12200,False,3,0.0054634324489523985,0.9917678945107216,0.0027686730403260486
diffusion,test_c1_side+1_episode12200_no_switch,12200,False,4,0.00933829553130355,0.9853439966709385,0.005317707797757833
diffusion,test_c1_side+1_episode12200_no_switch,12200,False,5,0.013995360569215867,0.9755814769919519,0.010423162438832336
diffusion,test_c1_side+1_episode12200_no_switch,12200,False,6,0.029900608382809963,0.9545150469205136,0.015584344696676408
diffusion,test_c1_side+1_episode12200_no_switch,12200,False,7,0.04503393200693446,0.9367418431898151,0.0182242248032504
diffusion,test_c1_side+1_episode12200_no_switch,12200,False,8,0.05790868669547982,0.9227468402621982,0.019344473042322
diffusion,test_c1_side+1_episode12200_no_switch,12200,False,9,0.0687322016331055,0.9115076279884812,0.019760170378413416
diffusion,test_c1_side+1_episode12200_no_switch,12200,False,10,0.0779935561738474,0.9022255817739308,0.019780862052221727
diffusion,test_c1_side+1_episode12200_no_switch,12200,False,11,0.08598232204966608,0.8943863551327373,0.019631322817596504
diffusion,test_c1_side+1_episode12200_no_switch,12200,False,12,0.09281297114835786,0.8878219204425495,0.01936510840909262
diffusion,test_c1_side+1_episode12200_no_switch,12200,False,13,0.09836316195004348,0.8826497297382984,0.018987108311658105
diffusion,test_c1_side+1_episode12200_no_switch,12200,False,14,0.10243052612371752,0.8790108898228093,0.018558584053473187
diffusion,test_c1_side+1_episode12200_no_switch,12200,False,15,0.10468824534787563,0.8771780952654331,0.018133659386691214
diffusion,test_c1_side+1_episode12200_no_switch,12200,False,16,0.10508535250627407,0.8771479625911008,0.01776668490262517
diffusion,test_c1_side+1_episode12200_no_switch,12200,False,17,0.1035620741052207,0.8789564434526619,0.017481482442117426
diffusion,test_c1_side+1_episode12200_no_switch,12200,False,18,0.10045235346957687,0.8823017255964375,0.01724592093398563
diffusion,test_c1_side+1_episode12200_no_switch,12200,False,19,0.09607702016492835,0.8868356089049725,0.01708737093009924
diffusion,test_c1_side+1_episode12200_no_switch,12200,False,20,0.0908105322530508,0.8922150787862808,0.01697438896066845
diffusion,test_c1_side+1_episode12200_no_switch,12200,False,21,0.08501627169356114,0.8981082355411635,0.01687549276527552
diffusion,test_c1_side+1_episode12200_no_switch,12200,False,22,0.07926180985472096,0.9039316204680983,0.016806569677180805
diffusion,test_c1_side+1_episode12200_no_switch,12200,False,23,0.07377409135659574,0.9094238747122388,0.016802033931165382
diffusion,test_c1_side+1_episode12200_no_switch,12200,False,24,0.06885664197473475,0.9143129459697745,0.01683041205549075
diffusion,test_c1_side+1_episode12200_no_switch,12200,False,25,0.06406686469398656,0.9022031119368672,0.033730023369146184
diffusion,test_c1_side+1_episode12200_no_switch,12200,False,26,0.05496332787822231,0.896244460604687,0.048792211517090706
diffusion,test_c1_side+1_episode12200_no_switch,12200,False,27,0.05844305550340519,0.8784324522671517,0.06312449222944319
diffusion,test_c1_side+1_episode12200_no_switch,12200,False,28,0.06773829461622415,0.8568400853760654,0.07542162000771042
diffusion,test_c1_side+1_episode12200_no_switch,12200,False,29,0.06994486538088396,0.8457763751588729,0.08427875946024319
diffusion,test_c1_side+1_episode12200_no_switch,12200,False,30,0.07221728236210544,0.8356041168286898,0.09217860080920469
diffusion,test_c1_side+1_episode12200_switch_10,12200,True,0,0.3333333333333333,0.3333333333333333,0.3333333333333333
diffusion,test_c1_side+1_episode12200_switch_10,12200,True,1,0.0024774119675437405,0.9947788675871866,0.002743720445269739
diffusion,test_c1_side+1_episode12200_switch_10,12200,True,2,0.001926921418276578,0.9974122748180578,0.0006608037636655261
diffusion,test_c1_side+1_episode12200_switch_10,12200,True,3,0.0054675461244322295,0.9917659474159436,0.00276650645962418
diffusion,test_c1_side+1_episode12200_switch_10,12200,True,4,0.009335316592197059,0.9853432639159633,0.005321419491839623
diffusion,test_c1_side+1_episode12200_switch_10,12200,True,5,0.013997244856537479,0.9755649636463303,0.010437791497132148
diffusion,test_c1_side+1_episode12200_switch_10,12200,True,6,0.029898119150737992,0.9544981718179021,0.01560370903136
diffusion,test_c1_side+1_episode12200_switch_10,12200,True,7,0.045042144286198564,0.9367371960594084,0.018220659654393068
diffusion,test_c1_side+1_episode12200_switch_10,12200,True,8,0.05789657251083768,0.9227654988328995,0.0193379286562628
diffusion,test_c1_side+1_episode12200_switch_10,12200,True,9,0.0687179022676508,0.9115233514582609,0.01975874627408829
diffusion,test_c1_side+1_episode12200_switch_10,12200,True,10,0.07797603984765883,0.9022009552392379,0.01982300491310334
diffusion,test_c1_side+1_episode12200_switch_10,12200,True,11,0.003910857213729021,0.24064880525044688,0.7554403375358241
diffusion,test_c1_side+1_episode12200_switch_10,12200,True,12,0.0002030084452181463,0.023484346228800364,0.9763126453259815
diffusion,test_c1_side+1_episode12200_switch_10,12200,True,13,3.8086037787787106e-06,0.0025681823478414774,0.9974280090483797
diffusion,test_c1_side+1_episode12200_switch_10,12200,True,14,1.8603229530268292e-09,0.00010622383829402464,0.999893774301383
diffusion,test_c1_side+1_episode12200_switch_10,12200,True,15,2.5349653443132956e-13,1.1264673827390354e-06,0.9999988735323638
diffusion,test_c1_side+1_episode12200_switch_10,12200,True,16,1.2133455647380893e-17,1.0368818394811063e-08,0.9999999896311816
diffusion,test_c1_side+1_episode12200_switch_10,12200,True,17,7.045096731338141e-23,6.532963468165301e-12,0.999999999993467
diffusion,test_c1_side+1_episode12200_switch_10,12200,True,18,1.4545433814015677e-13,0.9999999999998546,1.0535414120973029e-16
diffusion,test_c1_side+1_episode12200_switch_10,12200,True,19,1.0,1.1440083463339279e-41,1.7249604802797578e-120
diffusion,test_c1_side+1_episode12200_switch_10,12200,True,20,1.0,2.013927104836908e-18,1.4512584221619113e-40
diffusion,test_c1_side+1_episode12200_switch_10,12200,True,21,0.8592189860525353,0.14078101318351327,7.639514644505913e-10
diffusion,test_c1_side+1_episode12200_switch_10,12200,True,22,1.708559553821681e-13,9.117964651459843e-07,0.999999088203364
diffusion,test_c1_side+1_episode12200_switch_10,12200,True,23,4.032274180236176e-30,3.568450523888791e-15,0.9999999999999964
diffusion,test_c1_side+1_episode12200_switch_10,12200,True,24,4.1766544998828536e-19,3.1480061254359525e-11,0.9999999999685198
diffusion,test_c1_side+1_episode12200_switch_10,12200,True,25,1.1920581685427354e-05,7.073796406984511e-05,0.9999173414542447
diffusion,test_c1_side+1_episode12200_switch_10,12200,True,26,0.0009329648333012531,0.021162302046782912,0.9779047331199158
diffusion,test_c1_side+1_episode12200_switch_10,12200,True,27,0.00015607706332852893,0.013133660333240524,0.986710262603431
diffusion,test_c1_side+1_episode12200_switch_10,12200,True,28,0.0001440056042591303,0.006979565524074441,0.9928764288716665
diffusion,test_c1_side+1_episode12200_switch_10,12200,True,29,0.00012989388692543353,0.005841761243361357,0.9940283448697133
diffusion,test_c1_side+1_episode12200_switch_10,12200,True,30,0.00167736158079267,0.02124838321079057,0.9770742552084167
diffusion,test_c1_side+1_episode12201_no_switch,12201,False,0,0.3333333333333333,0.3333333333333333,0.3333333333333333
diffusion,test_c1_side+1_episode12201_no_switch,12201,False,1,0.0023141501811607713,0.9944834446366583,0.003202405182180841
diffusion,test_c1_side+1_episode12201_no_switch,12201,False,2,0.0025219674567299594,0.9966761920562557,0.0008018404870143714
diffusion,test_c1_side+1_episode12201_no_switch,12201,False,3,0.003796600120575416,0.9930618837338299,0.003141516145594778
diffusion,test_c1_side+1_episode12201_no_switch,12201,False,4,0.007209163570157846,0.9878088147921643,0.0049820216376777055
diffusion,test_c1_side+1_episode12201_no_switch,12201,False,5,0.01246431108297005,0.9781802126109268,0.00935547630610317
diffusion,test_c1_side+1_episode12201_no_switch,12201,False,6,0.02934954162385988,0.9559779393108131,0.014672519065327063
diffusion,test_c1_side+1_episode12201_no_switch,12201,False,7,0.044067196966853975,0.9383220445547943,0.017610758478351727
diffusion,test_c1_side+1_episode12201_no_switch,12201,False,8,0.055599963004011314,0.9252558624794958,0.019144174516492907
diffusion,test_c1_side+1_episode12201_no_switch,12201,False,9,0.06475973940800903,0.9153118608720453,0.019928399719945682
diffusion,test_c1_side+1_episode12201_no_switch,12201,False,10,0.07240791606158901,0.9073047170772511,0.02028736686115971
diffusion,test_c1_side+1_episode12201_no_switch,12201,False,11,0.07904614821512058,0.9006286538455822,0.020325197939297122
diffusion,test_c1_side+1_episode12201_no_switch,12201,False,12,0.08494234476824793,0.8948690209260747,0.02018863430567749
diffusion,test_c1_side+1_episode12201_no_switch,12201,False,13,0.09012075435619876,0.8899444524811677,0.019934793162633618
diffusion,test_c1_side+1_episode12201_no_switch,12201,False,14,0.09447864708083076,0.8859540306448326,0.01956732227433652
diffusion,test_c1_side+1_episode12201_no_switch,12201,False,15,0.09787219683988907,0.8829316764374572,0.01919612672265388
diffusion,test_c1_side+1_episode12201_no_switch,12201,False,16,0.10010363366715576,0.881078174181996,0.01881819215084812
diffusion,test_c1_side+1_episode12201_no_switch,12201,False,17,0.10117490401415519,0.8803484713979451,0.018476624587899684
diffusion,test_c1_side+1_episode12201_no_switch,12201,False,18,0.10085585127172965,0.8809405924353403,0.01820355629293007
diffusion,test_c1_side+1_episode12201_no_switch,12201,False,19,0.09947128361624114,0.8825650563794443,0.01796366000431448
diffusion,test_c1_side+1_episode12201_no_switch,12201,False,20,0.09698496475117077,0.8852194105817286,0.017795624667100624
diffusion,test_c1_side+1_episode12201_no_switch,12201,False,21,0.0937031191949589,0.8886530995454555,0.017643781259585566
diffusion,test_c1_side+1_episode12201_no_switch,12201,False,22,0.08976751571603549,0.8926831267774534,0.01754935750651101
diffusion,test_c1_side+1_episode12201_no_switch,12201,False,23,0.08553134757585562,0.8970034563617716,0.01746519606237284
diffusion,test_c1_side+1_episode12201_no_switch,12201,False,24,0.08136192339022043,0.9012705572262033,0.017367519383576262
diffusion,test_c1_side+1_episode12201_no_switch,12201,False,25,0.07731971509322268,0.9053814523555156,0.01729883255126179
diffusion,test_c1_side+1_episode12201_no_switch,12201,False,26,0.07361715246580819,0.9091208938347145,0.01726195369947741
diffusion,test_c1_side+1_episode12201_no_switch,12201,False,27,0.07141444049389314,0.8950606365543265,0.03352492295178032
diffusion,test_c1_side+1_episode12201_no_switch,12201,False,28,0.0636734776405733,0.8880483385122272,0.04827818384719962
diffusion,test_c1_side+1_episode12201_no_switch,12201,False,29,0.06862057354194559,0.870386083759745,0.060993342698309486
diffusion,test_c1_side+1_episode12201_no_switch,12201,False,30,0.07910163530341112,0.8506594685769905,0.07023889611959847
diffusion,test_c1_side+1_episode12201_switch_10,12201,True,0,0.3333333333333333,0.3333333333333333,0.3333333333333333
diffusion,test_c1_side+1_episode12201_switch_10,12201,True,1,0.002320210517111677,0.994478170807773,0.0032016186751153285
diffusion,test_c1_side+1_episode12201_switch_10,12201,True,2,0.002538278132566497,0.9966612544629161,0.0008004674045174827
diffusion,test_c1_side+1_episode12201_switch_10,12201,True,3,0.003792077129551896,0.9930609684818001,0.0031469543886479823
diffusion,test_c1_side+1_episode12201_switch_10,12201,True,4,0.007215023287342123,0.9878013067083895,0.004983670004268264
diffusion,test_c1_side+1_episode12201_switch_10,12201,True,5,0.012456644824121847,0.9781897568772051,0.009353598298673027
diffusion,test_c1_side+1_episode12201_switch_10,12201,True,6,0.029344943624545886,0.9559748093020014,0.014680247073452685
diffusion,test_c1_side+1_episode12201_switch_10,12201,True,7,0.044050560528200784,0.9383310961431638,0.0176183433286355
diffusion,test_c1_side+1_episode12201_switch_10,12201,True,8,0.05559976014107927,0.9252474114735825,0.019152828385338296
diffusion,test_c1_side+1_episode12201_switch_10,12201,True,9,0.06479415172630065,0.9152823594917016,0.01992348878199784
diffusion,test_c1_side+1_episode12201_switch_10,12201,True,10,0.07242513545322919,0.9073147051197051,0.020260159427065733
diffusion,test_c1_side+1_episode12201_switch_10,12201,True,11,0.0032643819572142547,0.25139223320948867,0.7453433848332972
diffusion,test_c1_side+1_episode12201_switch_10,12201,True,12,0.0001560809456315008,0.02262491895503801,0.9772190000993305
diffusion,test_c1_side+1_episode12201_switch_10,12201,True,13,2.6785973482916413e-06,0.0023228147720732147,0.9976745066305784
diffusion,test_c1_side+1_episode12201_switch_10,12201,True,14,1.0617431826490196e-09,8.672103639068568e-05,0.9999132779018662
diffusion,test_c1_side+1_episode12201_switch_10,12201,True,15,1.1038251117786518e-13,7.728988106837262e-07,0.9999992271010789
diffusion,test_c1_side+1_episode12201_switch_10,12201,True,16,4.4184822108315606e-18,6.018506066098815e-09,0.999999993981494
diffusion,test_c1_side+1_episode12201_switch_10,12201,True,17,2.3133568913858488e-23,3.1883570516996246e-12,0.9999999999968117
diffusion,test_c1_side+1_episode12201_switch_10,12201,True,18,7.804134627068977e-14,0.9999999999999218,9.048240030463369e-17
diffusion,test_c1_side+1_episode12201_switch_10,12201,True,19,1.0,4.015037195663772e-41,1.175451826173424e-118
diffusion,test_c1_side+1_episode12201_switch_10,12201,True,20,1.0,4.646725876581104e-18,2.3349719092190923e-39
diffusion,test_c1_side+1_episode12201_switch_10,12201,True,21,0.9840409063722678,0.015959093582700527,4.5031682138387226e-11
diffusion,test_c1_side+1_episode12201_switch_10,12201,True,22,2.645418063718042e-13,4.747030035191457e-07,0.999999525296732
diffusion,test_c1_side+1_episode12201_switch_10,12201,True,23,6.005115639755531e-29,3.195962521349143e-15,0.9999999999999969
diffusion,test_c1_side+1_episode12201_switch_10,12201,True,24,7.993190196352426e-17,2.7031826812602853e-10,0.9999999997296817
diffusion,test_c1_side+1_episode12201_switch_10,12201,True,25,9.742258476431327e-05,0.0003135496135633639,0.9995890278016724
diffusion,test_c1_side+1_episode12201_switch_10,12201,True,26,0.9746412938790766,0.023135176143144708,0.0022235299777787687
diffusion,test_c1_side+1_episode12201_switch_10,12201,True,27,0.9265378627985451,0.059443062732408555,0.014019074469046502
diffusion,test_c1_side+1_episode12201_switch_10,12201,True,28,0.20823728674219558,0.26383127551047064,0.5279314377473339
diffusion,test_c1_side+1_episode12201_switch_10,12201,True,29,0.003126339890794156,0.11321865568234944,0.8836550044268564
diffusion,test_c1_side+1_episode12201_switch_10,12201,True,30,0.0007581760516965215,0.055861122869050726,0.9433807010792528
diffusion,test_c4_side-1_episode40200_no_switch,40200,False,0,0.3333333333333333,0.3333333333333333,0.3333333333333333
diffusion,test_c4_side-1_episode40200_no_switch,40200,False,1,0.002030301160442315,0.996371659362221,0.0015980394773365129
diffusion,test_c4_side-1_episode40200_no_switch,40200,False,2,0.0006007117636327837,0.9991383381074024,0.00026095012896483596
diffusion,test_c4_side-1_episode40200_no_switch,40200,False,3,0.00954350176669628,0.9873099538273208,0.003146544405982838
diffusion,test_c4_side-1_episode40200_no_switch,40200,False,4,0.016957934119155672,0.9751866165025452,0.007855449378299042
diffusion,test_c4_side-1_episode40200_no_switch,40200,False,5,0.023120866279922582,0.9588463957441479,0.018032737975929587
diffusion,test_c4_side-1_episode40200_no_switch,40200,False,6,0.03127684154220598,0.9400743244594963,0.028648833998297672
diffusion,test_c4_side-1_episode40200_no_switch,40200,False,7,0.03815009322582118,0.9249245184171621,0.036925388357016836
diffusion,test_c4_side-1_episode40200_no_switch,40200,False,8,0.043727486432535115,0.9104367444815581,0.04583576908590686
diffusion,test_c4_side-1_episode40200_no_switch,40200,False,9,0.047805218518131055,0.8958711092227052,0.0563236722591637
diffusion,test_c4_side-1_episode40200_no_switch,40200,False,10,0.05038071383402722,0.8805105451005139,0.06910874106545885
diffusion,test_c4_side-1_episode40200_no_switch,40200,False,11,0.05183522330384024,0.8647337676867928,0.08343100900936697
diffusion,test_c4_side-1_episode40200_no_switch,40200,False,12,0.052677138183766535,0.8494855298479325,0.09783733196830113
diffusion,test_c4_side-1_episode40200_no_switch,40200,False,13,0.0535007397767018,0.8350360696840637,0.11146319053923434
diffusion,test_c4_side-1_episode40200_no_switch,40200,False,14,0.05480741119572242,0.8211394677041224,0.12405312110015528
diffusion,test_c4_side-1_episode40200_no_switch,40200,False,15,0.056813460443895646,0.808057002650433,0.13512953690567128
diffusion,test_c4_side-1_episode40200_no_switch,40200,False,16,0.05978145576074971,0.7964396742390865,0.14377887000016373
diffusion,test_c4_side-1_episode40200_no_switch,40200,False,17,0.06363773383884172,0.7876465685468518,0.14871569761430664
diffusion,test_c4_side-1_episode40200_no_switch,40200,False,18,0.06802408134753662,0.7832014169567096,0.1487745016957537
diffusion,test_c4_side-1_episode40200_no_switch,40200,False,19,0.07246887988059336,0.7845703801626479,0.14296073995675881
diffusion,test_c4_side-1_episode40200_no_switch,40200,False,20,0.07610382712552564,0.7928827603849136,0.13101341248956075
diffusion,test_c4_side-1_episode40200_no_switch,40200,False,21,0.07801569661712454,0.8083416943964815,0.11364260898639404
diffusion,test_c4_side-1_episode40200_no_switch,40200,False,22,0.0776811484243861,0.8294574144133181,0.09286143716229579
diffusion,test_c4_side-1_episode40200_no_switch,40200,False,23,0.0755318976295881,0.8531487423285427,0.07131936004186921
diffusion,test_c4_side-1_episode40200_no_switch,40200,False,24,0.07278509018468163,0.875119164018925,0.05209574579639339
diffusion,test_c4_side-1_episode40200_no_switch,40200,False,25,0.07015111892257331,0.8926002781017156,0.03724860297571111
diffusion,test_c4_side-1_episode40200_no_switch,40200,False,26,0.06820922996914841,0.9047943718897167,0.026996398141134845
diffusion,test_c4_side-1_episode40200_no_switch,40200,False,27,0.06731917177514403,0.9119467510502578,0.020734077174598256
diffusion,test_c4_side-1_episode40200_no_switch,40200,False,28,0.056177974222767255,0.921927543080216,0.02189448269701682
diffusion,test_c4_side-1_episode40200_no_switch,40200,False,29,0.043892193464889734,0.9370726485991169,0.01903515793599339
diffusion,test_c4_side-1_episode40200_no_switch,40200,False,30,0.03816980209832005,0.9392047209610379,0.02262547694064211
diffusion,test_c4_side-1_episode40200_switch_10,40200,True,0,0.3333333333333333,0.3333333333333333,0.3333333333333333
diffusion,test_c4_side-1_episode40200_switch_10,40200,True,1,0.0020324316956589475,0.9963733377078255,0.001594230596515638
diffusion,test_c4_side-1_episode40200_switch_10,40200,True,2,0.0005994471307422907,0.999140303884621,0.0002602489846365703
diffusion,test_c4_side-1_episode40200_switch_10,40200,True,3,0.009524774805487732,0.9873267964431416,0.003148428751370652
diffusion,test_c4_side-1_episode40200_switch_10,40200,True,4,0.0169432772374322,0.9751965219166825,0.007860200845885235
diffusion,test_c4_side-1_episode40200_switch_10,40200,True,5,0.02307614180891829,0.9588846938120318,0.018039164379050066
diffusion,test_c4_side-1_episode40200_switch_10,40200,True,6,0.03120629308409755,0.9401470384757951,0.028646668440107232
diffusion,test_c4_side-1_episode40200_switch_10,40200,True,7,0.03810942626888288,0.924936970813054,0.03695360291806311
diffusion,test_c4_side-1_episode40200_switch_10,40200,True,8,0.04377651195443332,0.9104335960865045,0.045789891959062155
diffusion,test_c4_side-1_episode40200_switch_10,40200,True,9,0.04781842931551812,0.8958866268194066,0.05629494386507519
diffusion,test_c4_side-1_episode40200_switch_10,40200,True,10,0.050445566569291014,0.880499583152458,0.06905485027825092
diffusion,test_c4_side-1_episode40200_switch_10,40200,True,11,0.003939559338989788,0.7143700449898246,0.2816903956711856
diffusion,test_c4_side-1_episode40200_switch_10,40200,True,12,0.0008966735138087643,0.5449006228209353,0.45420270366525595
diffusion,test_c4_side-1_episode40200_switch_10,40200,True,13,2.800960835391866e-05,0.17545916030621847,0.8245128300854276
diffusion,test_c4_side-1_episode40200_switch_10,40200,True,14,9.353039314158434e-09,0.0007673178385107822,0.9992326728084499
diffusion,test_c4_side-1_episode40200_switch_10,40200,True,15,5.096771725265174e-13,5.79994517166333e-07,0.9999994200049732
diffusion,test_c4_side-1_episode40200_switch_10,40200,True,16,5.310666780158874e-18,4.291651233979172e-09,0.9999999957083487
diffusion,test_c4_side-1_episode40200_switch_10,40200,True,17,2.9225657150124187e-24,1.7556537076332265e-12,0.9999999999982443
diffusion,test_c4_side-1_episode40200_switch_10,40200,True,18,1.3494706000743925e-22,0.9988747572248096,0.0011252427751905277
diffusion,test_c4_side-1_episode40200_switch_10,40200,True,19,0.9988053353935057,0.0011946646064943636,3.079929183151972e-63
diffusion,test_c4_side-1_episode40200_switch_10,40200,True,20,0.9999999975993548,2.400645255662415e-09,3.463912021587358e-65
diffusion,test_c4_side-1_episode40200_switch_10,40200,True,21,0.8581167183780501,0.1418832816201797,1.7702477203943484e-12
diffusion,test_c4_side-1_episode40200_switch_10,40200,True,22,3.3476674834784465e-09,0.9573921435840792,0.042607853068253335
diffusion,test_c4_side-1_episode40200_switch_10,40200,True,23,8.694670054691764e-10,0.9883737741855069,0.01162622494502611
diffusion,test_c4_side-1_episode40200_switch_10,40200,True,24,2.1871051010136486e-06,0.9999609792230357,3.6833671863287076e-05
diffusion,test_c4_side-1_episode40200_switch_10,40200,True,25,0.0224656335331095,0.9775343610796918,5.387198713482433e-09
diffusion,test_c4_side-1_episode40200_switch_10,40200,True,26,0.996165203500606,0.0038347964993741546,1.987485792689251e-14
diffusion,test_c4_side-1_episode40200_switch_10,40200,True,27,0.9999999934984022,6.501597795769282e-09,2.6147678904186713e-21
diffusion,test_c4_side-1_episode40200_switch_10,40200,True,28,0.9999999999990468,9.532592968629362e-13,2.081838221962089e-28
diffusion,test_c4_side-1_episode40200_switch_10,40200,True,29,1.0,9.788157797865633e-17,7.246922522587945e-36
diffusion,test_c4_side-1_episode40200_switch_10,40200,True,30,1.0,2.3782897834362908e-18,1.5923368456428127e-38
diffusion,test_c4_side-1_episode40201_no_switch,40201,False,0,0.3333333333333333,0.3333333333333333,0.3333333333333333
diffusion,test_c4_side-1_episode40201_no_switch,40201,False,1,0.0019125700427681314,0.9951200884669547,0.0029673414902772516
diffusion,test_c4_side-1_episode40201_no_switch,40201,False,2,0.002594780949102884,0.9967166197705923,0.000688599280304735
diffusion,test_c4_side-1_episode40201_no_switch,40201,False,3,0.008382438106618761,0.9890701554860518,0.002547406407329466
diffusion,test_c4_side-1_episode40201_no_switch,40201,False,4,0.015174532325114964,0.980749008948935,0.004076458725950133
diffusion,test_c4_side-1_episode40201_no_switch,40201,False,5,0.02304398407752628,0.9635757230946265,0.013380292827847251
diffusion,test_c4_side-1_episode40201_no_switch,40201,False,6,0.037360730741970875,0.9297981571552283,0.03284111210280079
diffusion,test_c4_side-1_episode40201_no_switch,40201,False,7,0.04735150434679026,0.905142462309207,0.04750603334400268
diffusion,test_c4_side-1_episode40201_no_switch,40201,False,8,0.054368829140474535,0.8832476724668435,0.06238349839268181
diffusion,test_c4_side-1_episode40201_no_switch,40201,False,9,0.05890747731733656,0.8641304203791025,0.0769621023035609
diffusion,test_c4_side-1_episode40201_no_switch,40201,False,10,0.06158832565561411,0.8475929753560142,0.09081869898837173
diffusion,test_c4_side-1_episode40201_no_switch,40201,False,11,0.06302606551827916,0.8331368679111263,0.10383706657059441
diffusion,test_c4_side-1_episode40201_no_switch,40201,False,12,0.06380362819974607,0.8203033013407279,0.11589307045952599
diffusion,test_c4_side-1_episode40201_no_switch,40201,False,13,0.06455656785866318,0.8089659358966772,0.1264774962446596
diffusion,test_c4_side-1_episode40201_no_switch,40201,False,14,0.06574882989560826,0.7994909857461799,0.1347601843582118
diffusion,test_c4_side-1_episode40201_no_switch,40201,False,15,0.06787955263158076,0.792467287052081,0.1396531603163382
diffusion,test_c4_side-1_episode40201_no_switch,40201,False,16,0.07104536362787023,0.7886021756503162,0.14035246072181362
diffusion,test_c4_side-1_episode40201_no_switch,40201,False,17,0.07543563659113166,0.7884947993795536,0.13606956402931464
diffusion,test_c4_side-1_episode40201_no_switch,40201,False,18,0.08076912218750221,0.7924944502588319,0.12673642755366593
diffusion,test_c4_side-1_episode40201_no_switch,40201,False,19,0.0863892445715893,0.8005978865160543,0.11301286891235635
diffusion,test_c4_side-1_episode40201_no_switch,40201,False,20,0.0914551386193145,0.8124043599482228,0.09614050143246262
diffusion,test_c4_side-1_episode40201_no_switch,40201,False,21,0.0945923759942021,0.8271485001322811,0.07825912387351658
diffusion,test_c4_side-1_episode40201_no_switch,40201,False,22,0.09462313847236421,0.8439067542519635,0.0614701072756723
diffusion,test_c4_side-1_episode40201_no_switch,40201,False,23,0.09145492811611532,0.8611726177501743,0.04737245413371037
diffusion,test_c4_side-1_episode40201_no_switch,40201,False,24,0.0856484759729249,0.8777834402178283,0.036568083809246726
diffusion,test_c4_side-1_episode40201_no_switch,40201,False,25,0.07850355314425535,0.8925586968830027,0.028937749972741855
diffusion,test_c4_side-1_episode40201_no_switch,40201,False,26,0.07155679187049194,0.9045071658438174,0.02393604228569061
diffusion,test_c4_side-1_episode40201_no_switch,40201,False,27,0.05425122455657443,0.9246622864631265,0.02108648898029899
diffusion,test_c4_side-1_episode40201_no_switch,40201,False,28,0.037515429960868506,0.9430820448477572,0.01940252519137437
diffusion,test_c4_side-1_episode40201_no_switch,40201,False,29,0.03339095387138269,0.9463016247574138,0.02030742137120346
diffusion,test_c4_side-1_episode40201_no_switch,40201,False,30,0.038183221844282605,0.9381335148965496,0.02368326325916782
diffusion,test_c4_side-1_episode40201_switch_10,40201,True,0,0.3333333333333333,0.3333333333333333,0.3333333333333333
diffusion,test_c4_side-1_episode40201_switch_10,40201,True,1,0.0019193337433799323,0.9951141009262091,0.002966565330410858
diffusion,test_c4_side-1_episode40201_switch_10,40201,True,2,0.0026024206184433007,0.9967083554521007,0.0006892239294560663
diffusion,test_c4_side-1_episode40201_switch_10,40201,True,3,0.008389528111701643,0.9890634328998258,0.0025470389884725024
diffusion,test_c4_side-1_episode40201_switch_10,40201,True,4,0.01518623555755317,0.9807412622938869,0.004072502148559921
diffusion,test_c4_side-1_episode40201_switch_10,40201,True,5,0.023067778680634792,0.9635548465955164,0.01337737472384889
diffusion,test_c4_side-1_episode40201_switch_10,40201,True,6,0.037330716940927246,0.9298016668291612,0.032867616229911537
diffusion,test_c4_side-1_episode40201_switch_10,40201,True,7,0.047318566599819645,0.9051595324129222,0.04752190098725824
diffusion,test_c4_side-1_episode40201_switch_10,40201,True,8,0.05435678391885042,0.883248383080935,0.06239483300021464
diffusion,test_c4_side-1_episode40201_switch_10,40201,True,9,0.058891236951233265,0.8641290329883083,0.07697973006045841
diffusion,test_c4_side-1_episode40201_switch_10,40201,True,10,0.06155541318480312,0.8475972150578925,0.09084737175730424
diffusion,test_c4_side-1_episode40201_switch_10,40201,True,11,0.005887621397132683,0.6458625949472708,0.34824978365559645
diffusion,test_c4_side-1_episode40201_switch_10,40201,True,12,0.0013514341002026278,0.5309184398291431,0.4677301260706543
diffusion,test_c4_side-1_episode40201_switch_10,40201,True,13,5.491878964293806e-05,0.2817078600018487,0.7182372212085083
diffusion,test_c4_side-1_episode40201_switch_10,40201,True,14,1.827089463529821e-08,0.0030019747394404986,0.9969980069896649
diffusion,test_c4_side-1_episode40201_switch_10,40201,True,15,8.43697216312806e-13,2.1289451826932273e-06,0.9999978710539736
diffusion,test_c4_side-1_episode40201_switch_10,40201,True,16,2.182478144771715e-17,3.111886969694923e-08,0.9999999688811303
diffusion,test_c4_side-1_episode40201_switch_10,40201,True,17,3.780438693076871e-23,3.099100387624528e-11,0.999999999969009
diffusion,test_c4_side-1_episode40201_switch_10,40201,True,18,5.691915423605743e-25,0.027099033948475564,0.9729009660515244
diffusion,test_c4_side-1_episode40201_switch_10,40201,True,19,0.22033727801685896,0.779662721983141,4.921154495453898e-54
diffusion,test_c4_side-1_episode40201_switch_10,40201,True,20,0.999999987850295,1.2149705050648696e-08,9.403879793998499e-55
diffusion,test_c4_side-1_episode40201_switch_10,40201,True,21,0.9999999986107048,1.3892952196949188e-09,8.823596314689753e-23
diffusion,test_c4_side-1_episode40201_switch_10,40201,True,22,0.18261791743935474,0.8169555859053481,0.00042649665529714885
diffusion,test_c4_side-1_episode40201_switch_10,40201,True,23,3.0406203837045655e-07,0.9999992041325433,4.91805418305845e-07
diffusion,test_c4_side-1_episode40201_switch_10,40201,True,24,2.750374560749604e-07,0.9999846402481535,1.5084714390528426e-05
diffusion,test_c4_side-1_episode40201_switch_10,40201,True,25,0.0007008556037491881,0.9992990542798399,9.011641092456614e-08
diffusion,test_c4_side-1_episode40201_switch_10,40201,True,26,0.8697377801466714,0.13026221984337522,9.953490201134551e-12
diffusion,test_c4_side-1_episode40201_switch_10,40201,True,27,0.999999953549417,4.6450583036938934e-08,9.959272013580175e-21
diffusion,test_c4_side-1_episode40201_switch_10,40201,True,28,0.9999999999997147,2.8538339288983943e-13,3.0111865338824997e-29
diffusion,test_c4_side-1_episode40201_switch_10,40201,True,29,0.9999999999999973,2.7525297970057205e-15,6.929569529675546e-33
diffusion,test_c4_side-1_episode40201_switch_10,40201,True,30,0.9999999999999984,1.5778014297911967e-15,4.166090700745353e-33
diffusion,test_c4_side+1_episode42200_no_switch,42200,False,0,0.3333333333333333,0.3333333333333333,0.3333333333333333
diffusion,test_c4_side+1_episode42200_no_switch,42200,False,1,0.0020048111431845354,0.9954086118021386,0.0025865770546768425
diffusion,test_c4_side+1_episode42200_no_switch,42200,False,2,0.001616815351216168,0.9979289024901048,0.0004542821586790941
diffusion,test_c4_side+1_episode42200_no_switch,42200,False,3,0.0027850111533360648,0.9948747517604971,0.0023402370861667693
diffusion,test_c4_side+1_episode42200_no_switch,42200,False,4,0.005960087362029222,0.9880159536210964,0.006023959016874366
diffusion,test_c4_side+1_episode42200_no_switch,42200,False,5,0.01157542110738165,0.9759355934591746,0.012488985433443837
diffusion,test_c4_side+1_episode42200_no_switch,42200,False,6,0.03131304480476328,0.9493896839700643,0.01929727122517238
diffusion,test_c4_side+1_episode42200_no_switch,42200,False,7,0.05058605314300725,0.9259317962362379,0.02348215062075484
diffusion,test_c4_side+1_episode42200_no_switch,42200,False,8,0.06966854318670451,0.9043129183471942,0.02601853846610126
diffusion,test_c4_side+1_episode42200_no_switch,42200,False,9,0.08947439999411204,0.8832311408892666,0.027294459116621497
diffusion,test_c4_side+1_episode42200_no_switch,42200,False,10,0.10963648244473118,0.8629532983755905,0.027410219179678286
diffusion,test_c4_side+1_episode42200_no_switch,42200,False,11,0.1285745754819316,0.8449820525909418,0.026443371927126567
diffusion,test_c4_side+1_episode42200_no_switch,42200,False,12,0.14446686200454303,0.8307665151044358,0.024766622891021217
diffusion,test_c4_side+1_episode42200_no_switch,42200,False,13,0.15598055598920593,0.8211796585416019,0.022839785469192127
diffusion,test_c4_side+1_episode42200_no_switch,42200,False,14,0.16195650253681718,0.8169004783386716,0.021143019124511147
diffusion,test_c4_side+1_episode42200_no_switch,42200,False,15,0.16108693160524773,0.8189036829503056,0.020009385444446706
diffusion,test_c4_side+1_episode42200_no_switch,42200,False,16,0.15239945278457365,0.8281038547644669,0.019496692450959432
diffusion,test_c4_side+1_episode42200_no_switch,42200,False,17,0.13571517922753712,0.844817964342443,0.019466856430019757
diffusion,test_c4_side+1_episode42200_no_switch,42200,False,18,0.11289180837004102,0.8672572967595485,0.019850894870410425
diffusion,test_c4_side+1_episode42200_no_switch,42200,False,19,0.08715683867397833,0.892274266795686,0.020568894530335564
diffusion,test_c4_side+1_episode42200_no_switch,42200,False,20,0.06287571017381359,0.915547549452069,0.02157674037411753
diffusion,test_c4_side+1_episode42200_no_switch,42200,False,21,0.04347163937817129,0.9337663171798658,0.022762043441962934
diffusion,test_c4_side+1_episode42200_no_switch,42200,False,22,0.029861496589570775,0.9459413027303333,0.02419720068009608
diffusion,test_c4_side+1_episode42200_no_switch,42200,False,23,0.021382651191174093,0.9526711093790924,0.025946239429733467
diffusion,test_c4_side+1_episode42200_no_switch,42200,False,24,0.01648038650763977,0.9556886716857443,0.027830941806615914
diffusion,test_c4_side+1_episode42200_no_switch,42200,False,25,0.01367102765776885,0.956556263948364,0.02977270839386712
diffusion,test_c4_side+1_episode42200_no_switch,42200,False,26,0.007962974770148968,0.957293353929623,0.03474367130022797
diffusion,test_c4_side+1_episode42200_no_switch,42200,False,27,0.006446663650086464,0.9531838376960551,0.04036949865385827
diffusion,test_c4_side+1_episode42200_no_switch,42200,False,28,0.010466510826821596,0.947559123501519,0.04197436567165933
diffusion,test_c4_side+1_episode42200_no_switch,42200,False,29,0.01889317171531954,0.9454501794694462,0.03565664881523419
diffusion,test_c4_side+1_episode42200_no_switch,42200,False,30,0.031809858689962,0.9230748585558914,0.04511528275414658
diffusion,test_c4_side+1_episode42200_switch_10,42200,True,0,0.3333333333333333,0.3333333333333333,0.3333333333333333
diffusion,test_c4_side+1_episode42200_switch_10,42200,True,1,0.0020097545285458645,0.9954051520989281,0.002585093372525951
diffusion,test_c4_side+1_episode42200_switch_10,42200,True,2,0.0016167538677394511,0.9979292714001735,0.0004539747320870624
diffusion,test_c4_side+1_episode42200_switch_10,42200,True,3,0.0027831371977106627,0.9948751736338755,0.0023416891684138186
diffusion,test_c4_side+1_episode42200_switch_10,42200,True,4,0.005969849270971255,0.9880097632669548,0.0060203874620739836
diffusion,test_c4_side+1_episode42200_switch_10,42200,True,5,0.011573270125456612,0.9759354555706293,0.012491274303914116
diffusion,test_c4_side+1_episode42200_switch_10,42200,True,6,0.03129614973379752,0.9494318574550539,0.019271992811148646
diffusion,test_c4_side+1_episode42200_switch_10,42200,True,7,0.05055464914144886,0.9259931627401917,0.023452188118359446
diffusion,test_c4_side+1_episode42200_switch_10,42200,True,8,0.06955771413043631,0.9044766929390877,0.02596559293047582
diffusion,test_c4_side+1_episode42200_switch_10,42200,True,9,0.08934675866962172,0.8833702762824984,0.027282965047879845
diffusion,test_c4_side+1_episode42200_switch_10,42200,True,10,0.10952620737838005,0.8630715596827432,0.027402232938876715
diffusion,test_c4_side+1_episode42200_switch_10,42200,True,11,0.019052056446833263,0.4137022762111649,0.5672456673420018
diffusion,test_c4_side+1_episode42200_switch_10,42200,True,12,0.0017472933249368717,0.09908222052514458,0.8991704861499185
diffusion,test_c4_side+1_episode42200_switch_10,42200,True,13,0.00010501905413025383,0.015907800770453062,0.9839871801754166
diffusion,test_c4_side+1_episode42200_switch_10,42200,True,14,2.090453000716235e-06,0.0005134419101843217,0.999484467636815
diffusion,test_c4_side+1_episode42200_switch_10,42200,True,15,1.7152527814635538e-08,1.059688656227503e-05,0.9999893859609099
diffusion,test_c4_side+1_episode42200_switch_10,42200,True,16,3.6967949329916704e-11,3.5499912848126014e-07,0.9999996449639036
diffusion,test_c4_side+1_episode42200_switch_10,42200,True,17,2.3524835749496037e-14,2.2080187503562737e-09,0.9999999977919577
diffusion,test_c4_side+1_episode42200_switch_10,42200,True,18,1.654416321417716e-13,8.602279044885544e-07,0.99999913977193
diffusion,test_c4_side+1_episode42200_switch_10,42200,True,19,1.0,2.0027056698695683e-23,1.0094078824124151e-97
diffusion,test_c4_side+1_episode42200_switch_10,42200,True,20,1.0,4.589646546849387e-25,1.1556921329954606e-53
diffusion,test_c4_side+1_episode42200_switch_10,42200,True,21,0.9999712767385002,2.8723261498928284e-05,8.827481499612418e-16
diffusion,test_c4_side+1_episode42200_switch_10,42200,True,22,0.9930275003693618,0.004411956818969736,0.002560542811668346
diffusion,test_c4_side+1_episode42200_switch_10,42200,True,23,5.115810533287021e-20,1.3321874344776812e-08,0.9999999866781256
diffusion,test_c4_side+1_episode42200_switch_10,42200,True,24,9.49142898217871e-31,5.774839807330569e-15,0.9999999999999942
diffusion,test_c4_side+1_episode42200_switch_10,42200,True,25,1.3464903168731504e-22,2.6270975350853485e-12,0.999999999997373
diffusion,test_c4_side+1_episode42200_switch_10,42200,True,26,0.9999999964599577,3.337679220067829e-09,2.02363047114301e-10
diffusion,test_c4_side+1_episode42200_switch_10,42200,True,27,0.9999996598708173,3.3857082941257814e-07,1.5583533278174313e-09
diffusion,test_c4_side+1_episode42200_switch_10,42200,True,28,0.9998495996086822,0.0001388245825425876,1.157580877523528e-05
diffusion,test_c4_side+1_episode42200_switch_10,42200,True,29,0.9988807994758018,0.000680220645991226,0.00043897987820693576
diffusion,test_c4_side+1_episode42200_switch_10,42200,True,30,0.9717208764436092,0.00822730994290792,0.0200518136134829
diffusion,test_c4_side+1_episode42201_no_switch,42201,False,0,0.3333333333333333,0.3333333333333333,0.3333333333333333
diffusion,test_c4_side+1_episode42201_no_switch,42201,False,1,0.0020176141203152587,0.9963992648823153,0.0015831209973694792
diffusion,test_c4_side+1_episode42201_no_switch,42201,False,2,0.0004213904916191508,0.9992337696695394,0.00034483983884142926
diffusion,test_c4_side+1_episode42201_no_switch,42201,False,3,0.004729270398256527,0.9922725041224917,0.0029982254792518103
diffusion,test_c4_side+1_episode42201_no_switch,42201,False,4,0.011013603512376848,0.9803803818914204,0.008606014596202857
diffusion,test_c4_side+1_episode42201_no_switch,42201,False,5,0.014670806325764112,0.9705542624113607,0.014774931262875254
diffusion,test_c4_side+1_episode42201_no_switch,42201,False,6,0.02698952466929305,0.9528166903594872,0.020193784971219632
diffusion,test_c4_side+1_episode42201_no_switch,42201,False,7,0.03897962703033512,0.9368660319067009,0.024154341062963873
diffusion,test_c4_side+1_episode42201_no_switch,42201,False,8,0.0499747802820959,0.9229375411456557,0.027087678572248378
diffusion,test_c4_side+1_episode42201_no_switch,42201,False,9,0.06095916569550923,0.9098687382508769,0.029172096053613997
diffusion,test_c4_side+1_episode42201_no_switch,42201,False,10,0.07293196495754696,0.8968767318701156,0.030191303172337283
diffusion,test_c4_side+1_episode42201_no_switch,42201,False,11,0.08622957444946036,0.8837183633821922,0.030052062168347327
diffusion,test_c4_side+1_episode42201_no_switch,42201,False,12,0.10001112940314746,0.8711280280998891,0.028860842496963433
diffusion,test_c4_side+1_episode42201_no_switch,42201,False,13,0.11282865572586391,0.8600415870611272,0.027129757213008945
diffusion,test_c4_side+1_episode42201_no_switch,42201,False,14,0.12351808417278794,0.851104874470056,0.0253770413571561
diffusion,test_c4_side+1_episode42201_no_switch,42201,False,15,0.13132564451316325,0.8446617877656748,0.02401256772116198
diffusion,test_c4_side+1_episode42201_no_switch,42201,False,16,0.13572977280850465,0.8412119726454677,0.023058254546027602
diffusion,test_c4_side+1_episode42201_no_switch,42201,False,17,0.13618793113309283,0.8413379463478785,0.022474122519028573
diffusion,test_c4_side+1_episode42201_no_switch,42201,False,18,0.1323331017954897,0.8454325727318697,0.022234325472640648
diffusion,test_c4_side+1_episode42201_no_switch,42201,False,19,0.12405061530921843,0.8536912370199538,0.022258147670827823
diffusion,test_c4_side+1_episode42201_no_switch,42201,False,20,0.11143403096596073,0.8658517762757509,0.022714192758288294
diffusion,test_c4_side+1_episode42201_no_switch,42201,False,21,0.09558740881697798,0.8808444371864758,0.023568153996546316
diffusion,test_c4_side+1_episode42201_no_switch,42201,False,22,0.07768646277900762,0.8974180556946658,0.024895481526326497
diffusion,test_c4_side+1_episode42201_no_switch,42201,False,23,0.060203637461236637,0.9130847109257277,0.026711651613035573
diffusion,test_c4_side+1_episode42201_no_switch,42201,False,24,0.044645206576225074,0.9265715080563695,0.028783285367405466
diffusion,test_c4_side+1_episode42201_no_switch,42201,False,25,0.03276700081299894,0.9363401959598163,0.030892803227184757
diffusion,test_c4_side+1_episode42201_no_switch,42201,False,26,0.024452385304921418,0.9426804448832091,0.03286716981186935
diffusion,test_c4_side+1_episode42201_no_switch,42201,False,27,0.0194585294721948,0.9459032687923445,0.034638201735460665
diffusion,test_c4_side+1_episode42201_no_switch,42201,False,28,0.010088501861097835,0.9543171202405266,0.035594377898375607
diffusion,test_c4_side+1_episode42201_no_switch,42201,False,29,0.006631295048928121,0.9582735782230498,0.03509512672802204
diffusion,test_c4_side+1_episode42201_no_switch,42201,False,30,0.009689073466044994,0.9597059861543472,0.030604940379607887
diffusion,test_c4_side+1_episode42201_switch_10,42201,True,0,0.3333333333333333,0.3333333333333333,0.3333333333333333
diffusion,test_c4_side+1_episode42201_switch_10,42201,True,1,0.0020280449446622873,0.9963945592693664,0.0015773957859713827
diffusion,test_c4_side+1_episode42201_switch_10,42201,True,2,0.00042251211445930336,0.9992336952219838,0.0003437926635569361
diffusion,test_c4_side+1_episode42201_switch_10,42201,True,3,0.004726820933543947,0.9922757810334972,0.002997398032958772
diffusion,test_c4_side+1_episode42201_switch_10,42201,True,4,0.011025084147801366,0.9803672556557764,0.008607660196422258
diffusion,test_c4_side+1_episode42201_switch_10,42201,True,5,0.01470784651938473,0.9705161247592683,0.014776028721346965
diffusion,test_c4_side+1_episode42201_switch_10,42201,True,6,0.027002163240438266,0.952787675166934,0.02021016159262774
diffusion,test_c4_side+1_episode42201_switch_10,42201,True,7,0.03900878236311589,0.9368196868981452,0.02417153073873888
diffusion,test_c4_side+1_episode42201_switch_10,42201,True,8,0.050031654413884324,0.9228704009278764,0.027097944658239285
diffusion,test_c4_side+1_episode42201_switch_10,42201,True,9,0.06103921523791379,0.909793793025644,0.029166991736442122
diffusion,test_c4_side+1_episode42201_switch_10,42201,True,10,0.07300152016276926,0.8967885669985793,0.030209912838651376
diffusion,test_c4_side+1_episode42201_switch_10,42201,True,11,0.006520275636518082,0.401783291582476,0.5916964327810059
diffusion,test_c4_side+1_episode42201_switch_10,42201,True,12,0.0007081832121977707,0.0721086518565997,0.9271831649312026
diffusion,test_c4_side+1_episode42201_switch_10,42201,True,13,6.0468904360650634e-05,0.008944734281779644,0.9909947968138597
diffusion,test_c4_side+1_episode42201_switch_10,42201,True,14,1.1956629386109455e-06,0.00039256176015552916,0.9996062425769059
diffusion,test_c4_side+1_episode42201_switch_10,42201,True,15,1.0635392663362397e-08,1.2850086346764007e-05,0.9999871392782606
diffusion,test_c4_side+1_episode42201_switch_10,42201,True,16,3.3032208953252505e-11,7.119347447477536e-07,0.999999288032223
diffusion,test_c4_side+1_episode42201_switch_10,42201,True,17,4.0520742339072226e-14,1.3417677166917027e-08,0.9999999865822823
diffusion,test_c4_side+1_episode42201_switch_10,42201,True,18,2.7835228649544008e-05,0.999969512585828,2.652185522475516e-06
diffusion,test_c4_side+1_episode42201_switch_10,42201,True,19,1.0,1.7785723573958353e-41,9.562473926897022e-112
diffusion,test_c4_side+1_episode42201_switch_10,42201,True,20,1.0,2.5969703538123233e-24,2.4176248910782073e-39
diffusion,test_c4_side+1_episode42201_switch_10,42201,True,21,0.9999999686568524,3.134314759003498e-08,2.8142991891605384e-17
diffusion,test_c4_side+1_episode42201_switch_10,42201,True,22,1.695599138431221e-05,0.005110780736126827,0.9948722632724889
diffusion,test_c4_side+1_episode42201_switch_10,42201,True,23,3.275853557861957e-23,2.346664734120943e-10,0.9999999997653335
diffusion,test_c4_side+1_episode42201_switch_10,42201,True,24,1.1822807853455692e-25,1.0732263362362025e-12,0.9999999999989267
diffusion,test_c4_side+1_episode42201_switch_10,42201,True,25,1.6786244318453342e-24,6.228250839910975e-13,0.9999999999993772
diffusion,test_c4_side+1_episode42201_switch_10,42201,True,26,0.9999604030224235,9.886048735751477e-08,3.949811708923195e-05
diffusion,test_c4_side+1_episode42201_switch_10,42201,True,27,0.9999999597638455,3.977240304165331e-08,4.637515265316455e-10
diffusion,test_c4_side+1_episode42201_switch_10,42201,True,28,0.9992936681463827,0.00033473942844104915,0.00037159242517625484
diffusion,test_c4_side+1_episode42201_switch_10,42201,True,29,0.9881312778625381,0.0031396924542256535,0.008729029683236357
diffusion,test_c4_side+1_episode42201_switch_10,42201,True,30,0.47862747920907023,0.03694076673546381,0.48443175405546585
diffusion,test_c7_side-1_episode70200_no_switch,70200,False,0,0.3333333333333333,0.3333333333333333,0.3333333333333333
diffusion,test_c7_side-1_episode70200_no_switch,70200,False,1,0.0022715483265117434,0.9948311654413954,0.002897286232092823
diffusion,test_c7_side-1_episode70200_no_switch,70200,False,2,0.0018093306776383634,0.9975321516159066,0.0006585177064550447
diffusion,test_c7_side-1_episode70200_no_switch,70200,False,3,0.008307810129489883,0.9873986075079529,0.004293582362557171
diffusion,test_c7_side-1_episode70200_no_switch,70200,False,4,0.017181750688943478,0.9763123000004159,0.006505949310640596
diffusion,test_c7_side-1_episode70200_no_switch,70200,False,5,0.025907899158981878,0.958662422255756,0.015429678585261931
diffusion,test_c7_side-1_episode70200_no_switch,70200,False,6,0.04116000000081942,0.9234384286720303,0.03540157132715018
diffusion,test_c7_side-1_episode70200_no_switch,70200,False,7,0.0465589393325758,0.9027627482339651,0.050678312433459195
diffusion,test_c7_side-1_episode70200_no_switch,70200,False,8,0.05063387588519379,0.8846368083445303,0.06472931577027592
diffusion,test_c7_side-1_episode70200_no_switch,70200,False,9,0.05354297277027379,0.8690799190239876,0.07737710820573852
diffusion,test_c7_side-1_episode70200_no_switch,70200,False,10,0.05561326815271222,0.8556395661008288,0.08874716574645905
diffusion,test_c7_side-1_episode70200_no_switch,70200,False,11,0.057090166627827045,0.844244669817051,0.09866516355512184
diffusion,test_c7_side-1_episode70200_no_switch,70200,False,12,0.05829521304617307,0.8349381126472489,0.10676667430657807
diffusion,test_c7_side-1_episode70200_no_switch,70200,False,13,0.05918433874026466,0.8279543435554865,0.11286131770424877
diffusion,test_c7_side-1_episode70200_no_switch,70200,False,14,0.059797769365872826,0.8233608016018283,0.1168414290322988
diffusion,test_c7_side-1_episode70200_no_switch,70200,False,15,0.06037300760629732,0.8210445574407943,0.11858243495290832
diffusion,test_c7_side-1_episode70200_no_switch,70200,False,16,0.06073652535100006,0.8208538975503644,0.11840957709863537
diffusion,test_c7_side-1_episode70200_no_switch,70200,False,17,0.060828775478301574,0.822575966666731,0.11659525785496737
diffusion,test_c7_side-1_episode70200_no_switch,70200,False,18,0.060639858260937464,0.8259791790347357,0.1133809627043268
diffusion,test_c7_side-1_episode70200_no_switch,70200,False,19,0.06030166285295724,0.830823993321234,0.10887434382580881
diffusion,test_c7_side-1_episode70200_no_switch,70200,False,20,0.05962867557497829,0.836719841586292,0.1036514828387297
diffusion,test_c7_side-1_episode70200_no_switch,70200,False,21,0.05863527736727638,0.8435172977713434,0.09784742486138023
diffusion,test_c7_side-1_episode70200_no_switch,70200,False,22,0.057323426243534134,0.8508677538516799,0.09180881990478595
diffusion,test_c7_side-1_episode70200_no_switch,70200,False,23,0.055792422834389975,0.8583136114652058,0.08589396570040427
diffusion,test_c7_side-1_episode70200_no_switch,70200,False,24,0.054202277314277084,0.8653454271286948,0.08045229555702821
diffusion,test_c7_side-1_episode70200_no_switch,70200,False,25,0.04668714408902469,0.8896219936350198,0.0636908622759554
diffusion,test_c7_side-1_episode70200_no_switch,70200,False,26,0.03897707832600642,0.9045935443639399,0.05642937731005373
diffusion,test_c7_side-1_episode70200_no_switch,70200,False,27,0.04324661619066775,0.9144453070914345,0.042308076717897894
diffusion,test_c7_side-1_episode70200_no_switch,70200,False,28,0.058444068265592036,0.9124828752483385,0.029073056486069386
diffusion,test_c7_side-1_episode70200_no_switch,70200,False,29,0.074988718026792,0.9039228973254184,0.021088384647789504
diffusion,test_c7_side-1_episode70200_no_switch,70200,False,30,0.0889282548655782,0.8918050064542489,0.01926673868017288
diffusion,test_c7_side-1_episode70200_switch_10,70200,True,0,0.3333333333333333,0.3333333333333333,0.3333333333333333
diffusion,test_c7_side-1_episode70200_switch_10,70200,True,1,0.002291274140093196,0.9948163471479552,0.002892378711951609
diffusion,test_c7_side-1_episode70200_switch_10,70200,True,2,0.0018126891600770128,0.9975289549739312,0.0006583558659917226
diffusion,test_c7_side-1_episode70200_switch_10,70200,True,3,0.008302848014275699,0.9874033189835257,0.004293833002198526
diffusion,test_c7_side-1_episode70200_switch_10,70200,True,4,0.017198685593702315,0.9763122188497778,0.006489095556519911
diffusion,test_c7_side-1_episode70200_switch_10,70200,True,5,0.025895745053450794,0.9586714251970053,0.01543282974954394
diffusion,test_c7_side-1_episode70200_switch_10,70200,True,6,0.041147268182038635,0.9234239935997841,0.035428738218177096
diffusion,test_c7_side-1_episode70200_switch_10,70200,True,7,0.0465938359497988,0.9027299625126981,0.05067620153750312
diffusion,test_c7_side-1_episode70200_switch_10,70200,True,8,0.050700840975413254,0.8846006162331157,0.06469854279147115
diffusion,test_c7_side-1_episode70200_switch_10,70200,True,9,0.053639696163263216,0.8690132541133578,0.07734704972337891
diffusion,test_c7_side-1_episode70200_switch_10,70200,True,10,0.05568190487173675,0.8556266075588328,0.08869148756943052
diffusion,test_c7_side-1_episode70200_switch_10,70200,True,11,0.002717500683184489,0.5836352375555792,0.41364726176123634
diffusion,test_c7_side-1_episode70200_switch_10,70200,True,12,0.0005677575049442254,0.41082531181318704,0.5886069306818688
diffusion,test_c7_side-1_episode70200_switch_10,70200,True,13,9.405852160913813e-06,0.09428702290927751,0.9057035712385616
diffusion,test_c7_side-1_episode70200_switch_10,70200,True,14,1.2391962448492434e-09,0.0003338395659751872,0.9996661591948286
diffusion,test_c7_side-1_episode70200_switch_10,70200,True,15,4.782326729380752e-14,5.006672007409814e-07,0.9999994993327513
diffusion,test_c7_side-1_episode70200_switch_10,70200,True,16,6.988502496472907e-19,2.77518091633319e-09,0.9999999972248191
diffusion,test_c7_side-1_episode70200_switch_10,70200,True,17,1.0391328906538854e-25,5.049632154469227e-13,0.9999999999994951
diffusion,test_c7_side-1_episode70200_switch_10,70200,True,18,4.689610955491006e-14,0.9999999999999531,2.748450690063776e-26
diffusion,test_c7_side-1_episode70200_switch_10,70200,True,19,1.0,6.069537104722822e-24,3.989474823414498e-97
diffusion,test_c7_side-1_episode70200_switch_10,70200,True,20,0.9999999999986704,1.3295490542283185e-12,1.1631346735065638e-21
diffusion,test_c7_side-1_episode70200_switch_10,70200,True,21,0.9999996342970912,1.5015736869702648e-07,2.1554554028390002e-07
diffusion,test_c7_side-1_episode70200_switch_10,70200,True,22,0.9999236242766557,6.231776032915579e-05,1.405796301507258e-05
diffusion,test_c7_side-1_episode70200_switch_10,70200,True,23,0.9999999243131088,7.568684629601797e-08,4.4932680896768836e-14
diffusion,test_c7_side-1_episode70200_switch_10,70200,True,24,0.9999776940123367,2.230598578420802e-05,1.8791225041247075e-12
diffusion,test_c7_side-1_episode70200_switch_10,70200,True,25,0.9999999644617452,3.553825487547745e-08,9.207426508216796e-18
diffusion,test_c7_side-1_episode70200_switch_10,70200,True,26,0.9999999999502143,4.978578518244583e-11,1.1935616065871723e-22
diffusion,test_c7_side-1_episode70200_switch_10,70200,True,27,0.9999999999944712,5.528820425317285e-12,8.054039970350792e-24
diffusion,test_c7_side-1_episode70200_switch_10,70200,True,28,0.9999999999791421,2.08579104797448e-11,2.590925754019756e-23
diffusion,test_c7_side-1_episode70200_switch_10,70200,True,29,0.9999999999988927,1.1073364304823307e-12,7.120630200805945e-26
diffusion,test_c7_side-1_episode70200_switch_10,70200,True,30,0.9999999999997653,2.3480337043846884e-13,8.049328324916009e-27
diffusion,test_c7_side-1_episode70201_no_switch,70201,False,0,0.3333333333333333,0.3333333333333333,0.3333333333333333
diffusion,test_c7_side-1_episode70201_no_switch,70201,False,1,0.0022506507957726976,0.9960926412564134,0.001656707947814016
diffusion,test_c7_side-1_episode70201_no_switch,70201,False,2,0.0006494828662495173,0.9990407062206169,0.00030981091313349773
diffusion,test_c7_side-1_episode70201_no_switch,70201,False,3,0.011746803137439666,0.9828113343777921,0.005441862484768246
diffusion,test_c7_side-1_episode70201_no_switch,70201,False,4,0.02067129858895792,0.968108686199115,0.011220015211927113
diffusion,test_c7_side-1_episode70201_no_switch,70201,False,5,0.026835778091472563,0.9503988045414259,0.02276541736710164
diffusion,test_c7_side-1_episode70201_no_switch,70201,False,6,0.034857207206724694,0.9293379645792097,0.035804828214065595
diffusion,test_c7_side-1_episode70201_no_switch,70201,False,7,0.039399866711773396,0.9136278367806779,0.046972296507548694
diffusion,test_c7_side-1_episode70201_no_switch,70201,False,8,0.04379849647550659,0.8977972328064576,0.05840427071803583
diffusion,test_c7_side-1_episode70201_no_switch,70201,False,9,0.047527759144752046,0.883440306240511,0.06903193461473706
diffusion,test_c7_side-1_episode70201_no_switch,70201,False,10,0.050443433203517477,0.8707011396549337,0.07885542714154893
diffusion,test_c7_side-1_episode70201_no_switch,70201,False,11,0.05264448094438566,0.8592999793214549,0.08805553973415944
diffusion,test_c7_side-1_episode70201_no_switch,70201,False,12,0.0540240207631454,0.8490921565141563,0.0968838227226985
diffusion,test_c7_side-1_episode70201_no_switch,70201,False,13,0.054990384792257735,0.8399762823610735,0.1050333328466687
diffusion,test_c7_side-1_episode70201_no_switch,70201,False,14,0.05574101879478912,0.8319697610602154,0.11228922014499539
diffusion,test_c7_side-1_episode70201_no_switch,70201,False,15,0.05630600406529316,0.8253554659191511,0.11833853001555576
diffusion,test_c7_side-1_episode70201_no_switch,70201,False,16,0.056815894056119955,0.8201268647615827,0.12305724118229733
diffusion,test_c7_side-1_episode70201_no_switch,70201,False,17,0.05739654089852283,0.8163475406184012,0.1262559184830759
diffusion,test_c7_side-1_episode70201_no_switch,70201,False,18,0.0580486585224783,0.8140674166960463,0.12788392478147545
diffusion,test_c7_side-1_episode70201_no_switch,70201,False,19,0.05866122464483359,0.8135260292328373,0.12781274612232904
diffusion,test_c7_side-1_episode70201_no_switch,70201,False,20,0.05902403257465839,0.8149262383015422,0.1260497291237994
diffusion,test_c7_side-1_episode70201_no_switch,70201,False,21,0.05915938353177321,0.8183320203065007,0.12250859616172621
diffusion,test_c7_side-1_episode70201_no_switch,70201,False,22,0.05879904675335568,0.8238772048498813,0.11732374839676307
diffusion,test_c7_side-1_episode70201_no_switch,70201,False,23,0.0578816236934226,0.8315465222240795,0.11057185408249776
diffusion,test_c7_side-1_episode70201_no_switch,70201,False,24,0.05633294896648749,0.8407403393899622,0.10292671164355036
diffusion,test_c7_side-1_episode70201_no_switch,70201,False,25,0.05428610469222629,0.8509689000732562,0.09474499523451757
diffusion,test_c7_side-1_episode70201_no_switch,70201,False,26,0.05165143428316262,0.8615679133213969,0.08678065239544046
diffusion,test_c7_side-1_episode70201_no_switch,70201,False,27,0.04393464365198252,0.8882523289349933,0.06781302741302433
diffusion,test_c7_side-1_episode70201_no_switch,70201,False,28,0.035930673573023146,0.9059486152732775,0.05812071115369925
diffusion,test_c7_side-1_episode70201_no_switch,70201,False,29,0.04051667707236086,0.9149007438317336,0.04458257909590551
diffusion,test_c7_side-1_episode70201_no_switch,70201,False,30,0.05448537231058818,0.9128325177039663,0.03268210998544553
diffusion,test_c7_side-1_episode70201_switch_10,70201,True,0,0.3333333333333333,0.3333333333333333,0.3333333333333333
diffusion,test_c7_side-1_episode70201_switch_10,70201,True,1,0.002262950251798426,0.9960819104255344,0.0016551393226671017
diffusion,test_c7_side-1_episode70201_switch_10,70201,True,2,0.0006532208699309944,0.9990374187657278,0.00030936036434119454
diffusion,test_c7_side-1_episode70201_switch_10,70201,True,3,0.011736810361027892,0.9828222880599977,0.0054409015789744315
diffusion,test_c7_side-1_episode70201_switch_10,70201,True,4,0.020667571706110433,0.9681055514457598,0.011226876848129714
diffusion,test_c7_side-1_episode70201_switch_10,70201,True,5,0.026835654710921565,0.9504176163862997,0.02274672890277883
diffusion,test_c7_side-1_episode70201_switch_10,70201,True,6,0.03485226993878696,0.9293695956325679,0.03577813442864509
diffusion,test_c7_side-1_episode70201_switch_10,70201,True,7,0.039445849226404095,0.9136120237624551,0.046942127011140755
diffusion,test_c7_side-1_episode70201_switch_10,70201,True,8,0.04380865862348096,0.897803811923061,0.058387529453458084
diffusion,test_c7_side-1_episode70201_switch_10,70201,True,9,0.04751450256133088,0.8834589250034389,0.06902657243523024
diffusion,test_c7_side-1_episode70201_switch_10,70201,True,10,0.05045562008998487,0.8707138500780089,0.07883052983200628
diffusion,test_c7_side-1_episode70201_switch_10,70201,True,11,0.002040657484712487,0.5547698636309008,0.4431894788843867
diffusion,test_c7_side-1_episode70201_switch_10,70201,True,12,0.00036891078833046245,0.27810544323177017,0.7215256459798993
diffusion,test_c7_side-1_episode70201_switch_10,70201,True,13,6.790071775685985e-06,0.03816138649277595,0.9618318234354484
diffusion,test_c7_side-1_episode70201_switch_10,70201,True,14,1.6432975156387928e-09,0.00011232888967603454,0.9998876694670263
diffusion,test_c7_side-1_episode70201_switch_10,70201,True,15,7.045449944792475e-14,2.932408559164662e-07,0.9999997067590737
diffusion,test_c7_side-1_episode70201_switch_10,70201,True,16,7.072390007988257e-19,1.1818300469876235e-09,0.9999999988181699
diffusion,test_c7_side-1_episode70201_switch_10,70201,True,17,1.6645759090505602e-25,2.2204675324635414e-13,0.999999999999778
diffusion,test_c7_side-1_episode70201_switch_10,70201,True,18,9.553024493631114e-17,1.0,1.2702328890954889e-22
diffusion,test_c7_side-1_episode70201_switch_10,70201,True,19,1.0,6.003890395555799e-22,9.502284259822128e-100
diffusion,test_c7_side-1_episode70201_switch_10,70201,True,20,1.0,3.230052089654766e-17,1.0538335120124078e-32
diffusion,test_c7_side-1_episode70201_switch_10,70201,True,21,0.9999876671141806,1.2273833413248579e-05,5.9052406118255403e-08
diffusion,test_c7_side-1_episode70201_switch_10,70201,True,22,0.9734154731460152,0.026207391376561192,0.00037713547742361785
diffusion,test_c7_side-1_episode70201_switch_10,70201,True,23,0.9999313423752971,6.865761767232914e-05,7.030551075272404e-12
diffusion,test_c7_side-1_episode70201_switch_10,70201,True,24,0.9999536555490415,4.634445023606318e-05,7.225153008316305e-13
diffusion,test_c7_side-1_episode70201_switch_10,70201,True,25,0.9999995934646679,4.06535331792057e-07,1.6996476484026753e-16
diffusion,test_c7_side-1_episode70201_switch_10,70201,True,26,0.9999999906981767,9.30182333976937e-09,2.469946820965579e-19
diffusion,test_c7_side-1_episode70201_switch_10,70201,True,27,0.9999999999860288,1.39711150792717e-11,2.930229344420155e-24
diffusion,test_c7_side-1_episode70201_switch_10,70201,True,28,0.9999999999998634,1.365026827061655e-13,3.253077122617818e-28
diffusion,test_c7_side-1_episode70201_switch_10,70201,True,29,0.9999999999999798,2.030758651289015e-14,1.011472337645391e-29
diffusion,test_c7_side-1_episode70201_switch_10,70201,True,30,0.9999999999999822,1.7841165434973856e-14,1.0082671872810914e-29
diffusion,test_c7_side+1_episode72200_no_switch,72200,False,0,0.3333333333333333,0.3333333333333333,0.3333333333333333
diffusion,test_c7_side+1_episode72200_no_switch,72200,False,1,0.002263220177475707,0.9959841354133595,0.0017526444091647056
diffusion,test_c7_side+1_episode72200_no_switch,72200,False,2,0.0006401641483168423,0.9989429693633766,0.00041686648830664507
diffusion,test_c7_side+1_episode72200_no_switch,72200,False,3,0.0037551601044213596,0.9932710731006366,0.0029737667949421265
diffusion,test_c7_side+1_episode72200_no_switch,72200,False,4,0.008954617359719868,0.9826081580473339,0.008437224592946158
diffusion,test_c7_side+1_episode72200_no_switch,72200,False,5,0.01409945772810979,0.9716044583170069,0.014296083954883373
diffusion,test_c7_side+1_episode72200_no_switch,72200,False,6,0.02564179537721401,0.9544004738486136,0.019957730774172486
diffusion,test_c7_side+1_episode72200_no_switch,72200,False,7,0.03662163595779897,0.937559220285317,0.025819143756884023
diffusion,test_c7_side+1_episode72200_no_switch,72200,False,8,0.05016940044427376,0.9187895996886319,0.031040999867094316
diffusion,test_c7_side+1_episode72200_no_switch,72200,False,9,0.06728054115137574,0.8982468752931554,0.03447258355546892
diffusion,test_c7_side+1_episode72200_no_switch,72200,False,10,0.08638582198854583,0.8785833070352367,0.03503087097621747
diffusion,test_c7_side+1_episode72200_no_switch,72200,False,11,0.1054658779246326,0.8614239536182929,0.033110168457074374
diffusion,test_c7_side+1_episode72200_no_switch,72200,False,12,0.12313897466392391,0.8467720827464714,0.030088942589604657
diffusion,test_c7_side+1_episode72200_no_switch,72200,False,13,0.13862104843491502,0.8341525562248566,0.027226395340228277
diffusion,test_c7_side+1_episode72200_no_switch,72200,False,14,0.15041542955731785,0.8245636884237363,0.02502088201894581
diffusion,test_c7_side+1_episode72200_no_switch,72200,False,15,0.157508907077809,0.8190360569571195,0.023455035965071647
diffusion,test_c7_side+1_episode72200_no_switch,72200,False,16,0.15937278887098213,0.8180547995727138,0.022572411556304024
diffusion,test_c7_side+1_episode72200_no_switch,72200,False,17,0.15669729838921898,0.8211032924492748,0.022199409161506378
diffusion,test_c7_side+1_episode72200_no_switch,72200,False,18,0.15023674801169878,0.8272821134911137,0.022481138497187473
diffusion,test_c7_side+1_episode72200_no_switch,72200,False,19,0.14100757548706455,0.8356974329937177,0.023294991519217694
diffusion,test_c7_side+1_episode72200_no_switch,72200,False,20,0.12911138376013728,0.8464817291300638,0.024406887109798932
diffusion,test_c7_side+1_episode72200_no_switch,72200,False,21,0.115119014409102,0.8592235992127777,0.025657386378120366
diffusion,test_c7_side+1_episode72200_no_switch,72200,False,22,0.09781358853422516,0.8749375069008946,0.027248904564880327
diffusion,test_c7_side+1_episode72200_no_switch,72200,False,23,0.07652648206506911,0.8941190434614653,0.02935447447346554
diffusion,test_c7_side+1_episode72200_no_switch,72200,False,24,0.05266959978277461,0.9152423302491876,0.03208806996803785
diffusion,test_c7_side+1_episode72200_no_switch,72200,False,25,0.02930084957821637,0.9356012154156352,0.035097935006148426
diffusion,test_c7_side+1_episode72200_no_switch,72200,False,26,0.01897961605504998,0.9446704440778348,0.036349939867115155
diffusion,test_c7_side+1_episode72200_no_switch,72200,False,27,0.014683696698220334,0.9481153937591987,0.03720090954258093
diffusion,test_c7_side+1_episode72200_no_switch,72200,False,28,0.0072695080731733,0.9428318098592222,0.04989868206760442
diffusion,test_c7_side+1_episode72200_no_switch,72200,False,29,0.006083164422184089,0.928263479904806,0.06565335567301002
diffusion,test_c7_side+1_episode72200_no_switch,72200,False,30,0.01255548770071261,0.9105168076634937,0.0769277046357938
diffusion,test_c7_side+1_episode72200_switch_10,72200,True,0,0.3333333333333333,0.3333333333333333,0.3333333333333333
diffusion,test_c7_side+1_episode72200_switch_10,72200,True,1,0.0022480293403412425,0.9959862096940877,0.001765760965570925
diffusion,test_c7_side+1_episode72200_switch_10,72200,True,2,0.0006436096333908006,0.9989399646157561,0.000416425750853142
diffusion,test_c7_side+1_episode72200_switch_10,72200,True,3,0.003759406170114282,0.9932676957341535,0.0029728980957322323
diffusion,test_c7_side+1_episode72200_switch_10,72200,True,4,0.008976846905862219,0.9825867391408564,0.008436413953281447
diffusion,test_c7_side+1_episode72200_switch_10,72200,True,5,0.014135822390961334,0.9715553191812647,0.014308858427773989
diffusion,test_c7_side+1_episode72200_switch_10,72200,True,6,0.02563627200157355,0.9543922573803044,0.01997147061812202
diffusion,test_c7_side+1_episode72200_switch_10,72200,True,7,0.03660562368422874,0.9375677353379058,0.02582664097786545
diffusion,test_c7_side+1_episode72200_switch_10,72200,True,8,0.050153162489786546,0.9188273342769167,0.031019503233296816
diffusion,test_c7_side+1_episode72200_switch_10,72200,True,9,0.06724217842807473,0.8982985648486647,0.03445925672326071
diffusion,test_c7_side+1_episode72200_switch_10,72200,True,10,0.08635111612301234,0.8786169852458189,0.0350318986311687
diffusion,test_c7_side+1_episode72200_switch_10,72200,True,11,0.020663804596539537,0.5495867170419253,0.4297494783615351
diffusion,test_c7_side+1_episode72200_switch_10,72200,True,12,0.006003875112728485,0.18485407565362372,0.8091420492336479
diffusion,test_c7_side+1_episode72200_switch_10,72200,True,13,0.002045623044950337,0.037005704206826154,0.9609486727482234
diffusion,test_c7_side+1_episode72200_switch_10,72200,True,14,0.0002610169381027536,0.0035472495731927803,0.9961917334887045
diffusion,test_c7_side+1_episode72200_switch_10,72200,True,15,2.3271854225748955e-05,0.0005130949096481106,0.9994636332361262
diffusion,test_c7_side+1_episode72200_switch_10,72200,True,16,1.3996030330902819e-06,0.0002013455989158333,0.999797254798051
diffusion,test_c7_side+1_episode72200_switch_10,72200,True,17,3.160451817012018e-08,3.1016879558229e-05,0.9999689515159237
diffusion,test_c7_side+1_episode72200_switch_10,72200,True,18,1.8557838409141508e-10,7.116183591782133e-07,0.9999992881960624
diffusion,test_c7_side+1_episode72200_switch_10,72200,True,19,1.0,1.9810238374098397e-18,5.4701593195091824e-70
diffusion,test_c7_side+1_episode72200_switch_10,72200,True,20,1.0,8.506586325293949e-27,8.778819836696515e-43
diffusion,test_c7_side+1_episode72200_switch_10,72200,True,21,0.9999999946785706,5.321425917298764e-09,3.464794994689789e-15
diffusion,test_c7_side+1_episode72200_switch_10,72200,True,22,0.9984417245806987,0.00017550001027720355,0.0013827754090241491
diffusion,test_c7_side+1_episode72200_switch_10,72200,True,23,1.5270991043168398e-16,6.1162287836148335e-09,0.999999993883771
diffusion,test_c7_side+1_episode72200_switch_10,72200,True,24,1.9518622121262375e-26,1.2936641188554613e-13,0.9999999999998705
diffusion,test_c7_side+1_episode72200_switch_10,72200,True,25,9.18187853771804e-31,1.7762197588256017e-13,0.9999999999998224
diffusion,test_c7_side+1_episode72200_switch_10,72200,True,26,0.9999999508412697,2.941484357305745e-08,1.974388673984119e-08
diffusion,test_c7_side+1_episode72200_switch_10,72200,True,27,0.9999999998973048,1.4827772099702912e-11,8.78674136107574e-11
diffusion,test_c7_side+1_episode72200_switch_10,72200,True,28,0.02380227332953008,0.0002653663506033248,0.9759323603198665
diffusion,test_c7_side+1_episode72200_switch_10,72200,True,29,8.079239289337884e-05,0.00015104928086979956,0.9997681583262369
diffusion,test_c7_side+1_episode72200_switch_10,72200,True,30,0.00028036818263585606,0.0009246684327541358,0.99879496338461
diffusion,test_c7_side+1_episode72201_no_switch,72201,False,0,0.3333333333333333,0.3333333333333333,0.3333333333333333
diffusion,test_c7_side+1_episode72201_no_switch,72201,False,1,0.002214403642508178,0.9963767357638459,0.0014088605936460558
diffusion,test_c7_side+1_episode72201_no_switch,72201,False,2,0.0004197656456525621,0.9992664327759807,0.0003138015783666316
diffusion,test_c7_side+1_episode72201_no_switch,72201,False,3,0.004606200433628267,0.9915968385457224,0.003796961020649308
diffusion,test_c7_side+1_episode72201_no_switch,72201,False,4,0.011253001908540481,0.9768712104335147,0.011875787657944843
diffusion,test_c7_side+1_episode72201_no_switch,72201,False,5,0.01563678423711617,0.9663025450624589,0.018060670700424972
diffusion,test_c7_side+1_episode72201_no_switch,72201,False,6,0.024442987201884935,0.9521921952855982,0.02336481751251682
diffusion,test_c7_side+1_episode72201_no_switch,72201,False,7,0.033414591228990806,0.9384933430545126,0.028092065716496632
diffusion,test_c7_side+1_episode72201_no_switch,72201,False,8,0.044271541460553294,0.9236160699735451,0.03211238856590163
diffusion,test_c7_side+1_episode72201_no_switch,72201,False,9,0.05817856487560289,0.9071843512839501,0.034637083840446906
diffusion,test_c7_side+1_episode72201_no_switch,72201,False,10,0.07509071813496801,0.8899583800770724,0.03495090178795955
diffusion,test_c7_side+1_episode72201_no_switch,72201,False,11,0.09353650454140365,0.8730383689192793,0.033425126539316945
diffusion,test_c7_side+1_episode72201_no_switch,72201,False,12,0.11171185346711235,0.857335793736354,0.030952352796533706
diffusion,test_c7_side+1_episode72201_no_switch,72201,False,13,0.1287217047099002,0.8429870932999405,0.02829120199015931
diffusion,test_c7_side+1_episode72201_no_switch,72201,False,14,0.1435656824640781,0.8305277211649147,0.025906596371007253
diffusion,test_c7_side+1_episode72201_no_switch,72201,False,15,0.1548043705648158,0.8211925527694,0.02400307666578424
diffusion,test_c7_side+1_episode72201_no_switch,72201,False,16,0.16105134003249122,0.8162546560386394,0.022694003928869215
diffusion,test_c7_side+1_episode72201_no_switch,72201,False,17,0.1618593614383039,0.8161588887630412,0.02198174979865483
diffusion,test_c7_side+1_episode72201_no_switch,72201,False,18,0.1579351749263177,0.8201338261230321,0.021930998950650142
diffusion,test_c7_side+1_episode72201_no_switch,72201,False,19,0.15042603933823842,0.8270375128702934,0.022536447791468135
diffusion,test_c7_side+1_episode72201_no_switch,72201,False,20,0.14008349181876265,0.8362065108446611,0.023709997336576336
diffusion,test_c7_side+1_episode72201_no_switch,72201,False,21,0.12794008339801566,0.8468424017400077,0.025217514861976643
diffusion,test_c7_side+1_episode72201_no_switch,72201,False,22,0.11290720248215795,0.8599422310814095,0.027150566436432592
diffusion,test_c7_side+1_episode72201_no_switch,72201,False,23,0.09405717883873178,0.8762827858745695,0.029660035286698614
diffusion,test_c7_side+1_episode72201_no_switch,72201,False,24,0.07100133964858062,0.8961024909869909,0.032896169364428546
diffusion,test_c7_side+1_episode72201_no_switch,72201,False,25,0.04527779884278604,0.9181127091921548,0.03660949196505909
diffusion,test_c7_side+1_episode72201_no_switch,72201,False,26,0.023224145973798013,0.9362264692110619,0.040549384815140165
diffusion,test_c7_side+1_episode72201_no_switch,72201,False,27,0.013967439475588556,0.9429124794670213,0.043120081057390104
diffusion,test_c7_side+1_episode72201_no_switch,72201,False,28,0.010761229594054072,0.9435327440330495,0.045706026372896336
diffusion,test_c7_side+1_episode72201_no_switch,72201,False,29,0.005028319325720944,0.9345019086824227,0.06046977199185645
diffusion,test_c7_side+1_episode72201_no_switch,72201,False,30,0.0042100061295587635,0.9223337743345654,0.07345621953587576
diffusion,test_c7_side+1_episode72201_switch_10,72201,True,0,0.3333333333333333,0.3333333333333333,0.3333333333333333
diffusion,test_c7_side+1_episode72201_switch_10,72201,True,1,0.002217656321720359,0.9963720755104354,0.0014102681678442423
diffusion,test_c7_side+1_episode72201_switch_10,72201,True,2,0.00041905774528701496,0.9992668915405238,0.0003140507141892023
diffusion,test_c7_side+1_episode72201_switch_10,72201,True,3,0.004603001204024771,0.9915988805142149,0.0037981182817603703
diffusion,test_c7_side+1_episode72201_switch_10,72201,True,4,0.01126875264313274,0.9768470196692511,0.011884227687616102
diffusion,test_c7_side+1_episode72201_switch_10,72201,True,5,0.015613218567113583,0.9663357114813472,0.018051069951539187
diffusion,test_c7_side+1_episode72201_switch_10,72201,True,6,0.024422686098885864,0.9522067921461916,0.023370521754922505
diffusion,test_c7_side+1_episode72201_switch_10,72201,True,7,0.03343916873489982,0.9384784617907368,0.02808236947436341
diffusion,test_c7_side+1_episode72201_switch_10,72201,True,8,0.04429954251119114,0.9236061841386671,0.03209427335014179
diffusion,test_c7_side+1_episode72201_switch_10,72201,True,9,0.05822598742321729,0.9071475509451308,0.034626461631652034
diffusion,test_c7_side+1_episode72201_switch_10,72201,True,10,0.07516581623939889,0.889890215639872,0.03494396812072901
diffusion,test_c7_side+1_episode72201_switch_10,72201,True,11,0.01694802932074822,0.5828005696247351,0.4002514010545166
diffusion,test_c7_side+1_episode72201_switch_10,72201,True,12,0.0043059841146183934,0.20283995271429053,0.7928540631710911
diffusion,test_c7_side+1_episode72201_switch_10,72201,True,13,0.0012263622902931783,0.03876711529133721,0.9600065224183696
diffusion,test_c7_side+1_episode72201_switch_10,72201,True,14,0.00011510366858878888,0.00298134693366341,0.9969035493977478
diffusion,test_c7_side+1_episode72201_switch_10,72201,True,15,7.920994771675612e-06,0.00031668038141968025,0.9996753986238087
diffusion,test_c7_side+1_episode72201_switch_10,72201,True,16,3.552209210538357e-07,9.420160088184855e-05,0.9999054431781971
diffusion,test_c7_side+1_episode72201_switch_10,72201,True,17,5.7474057738103174e-09,1.2679804420852397e-05,0.9999873144481735
diffusion,test_c7_side+1_episode72201_switch_10,72201,True,18,2.1529172915476943e-11,2.533549851880978e-07,0.9999997466234857
diffusion,test_c7_side+1_episode72201_switch_10,72201,True,19,1.0,2.8320697139370004e-23,2.7699605575817624e-81
diffusion,test_c7_side+1_episode72201_switch_10,72201,True,20,1.0,4.335174433584689e-25,1.0754216028050985e-37
diffusion,test_c7_side+1_episode72201_switch_10,72201,True,21,0.9999999969069127,3.0930859372559e-09,1.221651360117096e-15
diffusion,test_c7_side+1_episode72201_switch_10,72201,True,22,0.14417651731401998,0.06800945075597742,0.7878140319300027
diffusion,test_c7_side+1_episode72201_switch_10,72201,True,23,1.363848978844744e-19,1.5321731140768505e-09,0.999999998467827
diffusion,test_c7_side+1_episode72201_switch_10,72201,True,24,1.5145024096675718e-27,8.350801732497621e-14,0.9999999999999165
diffusion,test_c7_side+1_episode72201_switch_10,72201,True,25,2.368546017408321e-27,2.512538147391025e-12,0.9999999999974875
diffusion,test_c7_side+1_episode72201_switch_10,72201,True,26,0.9999491775231849,1.5944196162950636e-07,5.0663034853425714e-05
diffusion,test_c7_side+1_episode72201_switch_10,72201,True,27,0.9994010746644735,1.4833007101240824e-06,0.0005974420348163368
diffusion,test_c7_side+1_episode72201_switch_10,72201,True,28,0.7118038358908083,0.0006350544937229174,0.28756110961546877
diffusion,test_c7_side+1_episode72201_switch_10,72201,True,29,0.5903918356589765,0.0077007364595978,0.4019074278814257
diffusion,test_c7_side+1_episode72201_switch_10,72201,True,30,0.06287713335509322,0.006076940825985985,0.9310459258189208
autoregressive,test_c1_side-1_episode10200_no_switch,10200,False,0,0.3333333333333333,0.3333333333333333,0.3333333333333333
autoregressive,test_c1_side-1_episode10200_no_switch,10200,False,1,0.34614300760566535,0.354067124599316,0.29978986779501854
autoregressive,test_c1_side-1_episode10200_no_switch,10200,False,2,0.315484643706013,0.4178437583277392,0.26667159796624784
autoregressive,test_c1_side-1_episode10200_no_switch,10200,False,3,0.3308570231944661,0.48656669520121915,0.18257628160431474
autoregressive,test_c1_side-1_episode10200_no_switch,10200,False,4,0.2786070719353417,0.5593948034735853,0.161998124591073
autoregressive,test_c1_side-1_episode10200_no_switch,10200,False,5,0.2313047664230167,0.6128849934619726,0.1558102401150108
autoregressive,test_c1_side-1_episode10200_no_switch,10200,False,6,0.21432307489293276,0.6311027603154145,0.15457416479165284
autoregressive,test_c1_side-1_episode10200_no_switch,10200,False,7,0.19959287221722144,0.6356574698288774,0.16474965795390129
autoregressive,test_c1_side-1_episode10200_no_switch,10200,False,8,0.19155301849119416,0.6325267102996743,0.1759202712091315
autoregressive,test_c1_side-1_episode10200_no_switch,10200,False,9,0.1843650393816276,0.6262696644433473,0.18936529617502512
autoregressive,test_c1_side-1_episode10200_no_switch,10200,False,10,0.1798862963561484,0.6174748669882544,0.20263883665559726
autoregressive,test_c1_side-1_episode10200_no_switch,10200,False,11,0.17659955272508424,0.6075619445489356,0.2158385027259801
autoregressive,test_c1_side-1_episode10200_no_switch,10200,False,12,0.1743669591812344,0.5975059527579423,0.22812708806082319
autoregressive,test_c1_side-1_episode10200_no_switch,10200,False,13,0.17332422034074957,0.5869114295528041,0.23976435010644645
autoregressive,test_c1_side-1_episode10200_no_switch,10200,False,14,0.17292857562560676,0.5769182733887781,0.25015315098561514
autoregressive,test_c1_side-1_episode10200_no_switch,10200,False,15,0.1706829085485895,0.5687051007237277,0.2606119907276828
autoregressive,test_c1_side-1_episode10200_no_switch,10200,False,16,0.1671725886486711,0.5619617854689499,0.270865625882379
autoregressive,test_c1_side-1_episode10200_no_switch,10200,False,17,0.16258042782978574,0.5567471969048726,0.2806723752653415
autoregressive,test_c1_side-1_episode10200_no_switch,10200,False,18,0.15626998670688277,0.5541567015830537,0.2895733117100635
autoregressive,test_c1_side-1_episode10200_no_switch,10200,False,19,0.14906091801770482,0.5534487396512351,0.29749034233106003
autoregressive,test_c1_side-1_episode10200_no_switch,10200,False,20,0.1410709798185361,0.5542450104842653,0.3046840096971986
autoregressive,test_c1_side-1_episode10200_no_switch,10200,False,21,0.13446381332719914,0.5573041268994438,0.30823205977335705
autoregressive,test_c1_side-1_episode10200_no_switch,10200,False,22,0.13000196184172932,0.5629584167109696,0.307039621447301
autoregressive,test_c1_side-1_episode10200_no_switch,10200,False,23,0.1258720301800654,0.5730909257500041,0.3010370440699304
autoregressive,test_c1_side-1_episode10200_no_switch,10200,False,24,0.12417282836082465,0.5852132831345539,0.2906138885046215
autoregressive,test_c1_side-1_episode10200_no_switch,10200,False,25,0.12504304426233992,0.6020794285531569,0.27287752718450314
autoregressive,test_c1_side-1_episode10200_no_switch,10200,False,26,0.12941336130255657,0.6139550101520185,0.2566316285454249
autoregressive,test_c1_side-1_episode10200_no_switch,10200,False,27,0.13775463710582397,0.6227141807580516,0.23953118213612448
autoregressive,test_c1_side-1_episode10200_no_switch,10200,False,28,0.1438597230797182,0.6424708796531131,0.21366939726716866
autoregressive,test_c1_side-1_episode10200_no_switch,10200,False,29,0.1569763984395611,0.6616822989755734,0.18134130258486555
autoregressive,test_c1_side-1_episode10200_no_switch,10200,False,30,0.1689016164430296,0.6808257285699322,0.15027265498703818
autoregressive,test_c1_side-1_episode10200_switch_10,10200,True,0,0.3333333333333333,0.3333333333333333,0.3333333333333333
autoregressive,test_c1_side-1_episode10200_switch_10,10200,True,1,0.34320212043574444,0.3534831316570372,0.30331474790721835
autoregressive,test_c1_side-1_episode10200_switch_10,10200,True,2,0.30725826675865625,0.4175719583251222,0.2751697749162216
autoregressive,test_c1_side-1_episode10200_switch_10,10200,True,3,0.3247652009600434,0.48770632234825595,0.18752847669170056
autoregressive,test_c1_side-1_episode10200_switch_10,10200,True,4,0.2763088885188809,0.5602234104834375,0.1634677009976815
autoregressive,test_c1_side-1_episode10200_switch_10,10200,True,5,0.22898630057909516,0.6132576603999703,0.15775603902093446
autoregressive,test_c1_side-1_episode10200_switch_10,10200,True,6,0.2124014701601304,0.6314102689789394,0.15618826086093027
autoregressive,test_c1_side-1_episode10200_switch_10,10200,True,7,0.19945839924478825,0.6353354634480383,0.16520613730717362
autoregressive,test_c1_side-1_episode10200_switch_10,10200,True,8,0.1896709995923163,0.6327512226075127,0.17757777780017112
autoregressive,test_c1_side-1_episode10200_switch_10,10200,True,9,0.18369524615502045,0.6258481093428669,0.19045664450211255
autoregressive,test_c1_side-1_episode10200_switch_10,10200,True,10,0.17862203119856118,0.6171277053633304,0.2042502634381083
autoregressive,test_c1_side-1_episode10200_switch_10,10200,True,11,0.0925648349362366,0.624754749357391,0.2826804157063725
autoregressive,test_c1_side-1_episode10200_switch_10,10200,True,12,0.03547771447494966,0.5803642518108261,0.38415803371422436
autoregressive,test_c1_side-1_episode10200_switch_10,10200,True,13,0.008582271208621518,0.4555753231603106,0.5358424056310679
autoregressive,test_c1_side-1_episode10200_switch_10,10200,True,14,0.0014558269262585559,0.2237871075569799,0.7747570655167615
autoregressive,test_c1_side-1_episode10200_switch_10,10200,True,15,0.0001612589127576453,0.051250209537566725,0.9485885315496757
autoregressive,test_c1_side-1_episode10200_switch_10,10200,True,16,1.5572475088681746e-05,0.006735748468052866,0.9932486790568584
autoregressive,test_c1_side-1_episode10200_switch_10,10200,True,17,7.83029699940988e-07,0.0008762431736608586,0.9991229737966392
autoregressive,test_c1_side-1_episode10200_switch_10,10200,True,18,4.258704771576379e-11,4.0822137106033534e-05,0.999959177820307
autoregressive,test_c1_side-1_episode10200_switch_10,10200,True,19,1.551338911395345e-07,0.27621810085352694,0.7237817440125819
autoregressive,test_c1_side-1_episode10200_switch_10,10200,True,20,6.822171923093144e-05,0.9946569978936222,0.005274780387146914
autoregressive,test_c1_side-1_episode10200_switch_10,10200,True,21,5.622314991715953e-05,0.9994445073786729,0.0004992694714099394
autoregressive,test_c1_side-1_episode10200_switch_10,10200,True,22,0.00044301132613346484,0.9913597001495167,0.008197288524349823
autoregressive,test_c1_side-1_episode10200_switch_10,10200,True,23,0.0012616882648349655,0.9764918393715961,0.022246472363568904
autoregressive,test_c1_side-1_episode10200_switch_10,10200,True,24,0.0012930839311595971,0.8941111739294052,0.10459574213943523
autoregressive,test_c1_side-1_episode10200_switch_10,10200,True,25,0.0006966122245590944,0.9138699188727133,0.08543346890272761
autoregressive,test_c1_side-1_episode10200_switch_10,10200,True,26,0.000677355055686999,0.8448680857023514,0.15445455924196155
autoregressive,test_c1_side-1_episode10200_switch_10,10200,True,27,0.0004446000025515289,0.6618295696881977,0.33772583030925074
autoregressive,test_c1_side-1_episode10200_switch_10,10200,True,28,0.00030472200610432565,0.5072946663889489,0.49240061160494664
autoregressive,test_c1_side-1_episode10200_switch_10,10200,True,29,0.00022269530690073773,0.26252647122430944,0.73725083346879
autoregressive,test_c1_side-1_episode10200_switch_10,10200,True,30,9.987530300098417e-05,0.060509699645250103,0.9393904250517489
autoregressive,test_c1_side-1_episode10201_no_switch,10201,False,0,0.3333333333333333,0.3333333333333333,0.3333333333333333
autoregressive,test_c1_side-1_episode10201_no_switch,10201,False,1,0.36904158038700485,0.41836158919311023,0.21259683041988492
autoregressive,test_c1_side-1_episode10201_no_switch,10201,False,2,0.3124094121224163,0.49632334255320265,0.19126724532438097
autoregressive,test_c1_side-1_episode10201_no_switch,10201,False,3,0.2883132571218249,0.5804754653924938,0.13121127748568126
autoregressive,test_c1_side-1_episode10201_no_switch,10201,False,4,0.22354737574345707,0.6573081598835158,0.1191444643730272
autoregressive,test_c1_side-1_episode10201_no_switch,10201,False,5,0.18379827973949348,0.6970660678558922,0.11913565240461431
autoregressive,test_c1_side-1_episode10201_no_switch,10201,False,6,0.1743951782513064,0.6992940239917319,0.12631079775696175
autoregressive,test_c1_side-1_episode10201_no_switch,10201,False,7,0.1673673735689289,0.6897793369213198,0.14285328950975132
autoregressive,test_c1_side-1_episode10201_no_switch,10201,False,8,0.16392422555854363,0.6762682766050919,0.1598074978363645
autoregressive,test_c1_side-1_episode10201_no_switch,10201,False,9,0.1612533859251078,0.6616387994741121,0.1771078146007801
autoregressive,test_c1_side-1_episode10201_no_switch,10201,False,10,0.15851023901551328,0.6474130126814324,0.19407674830305438
autoregressive,test_c1_side-1_episode10201_no_switch,10201,False,11,0.15721552560236948,0.6333085964327604,0.20947587796487005
autoregressive,test_c1_side-1_episode10201_no_switch,10201,False,12,0.156007406524581,0.6203156546256239,0.2236769388497952
autoregressive,test_c1_side-1_episode10201_no_switch,10201,False,13,0.155307185199999,0.6082220067422945,0.23647080805770654
autoregressive,test_c1_side-1_episode10201_no_switch,10201,False,14,0.15369597070904942,0.5979821429245292,0.2483218863664214
autoregressive,test_c1_side-1_episode10201_no_switch,10201,False,15,0.15137785385112412,0.58905919282674,0.2595629533221358
autoregressive,test_c1_side-1_episode10201_no_switch,10201,False,16,0.14663302947264234,0.5827206176896905,0.27064635283766725
autoregressive,test_c1_side-1_episode10201_no_switch,10201,False,17,0.1410668132035089,0.5778800278804733,0.2810531589160177
autoregressive,test_c1_side-1_episode10201_no_switch,10201,False,18,0.1349736520255687,0.5745261392314841,0.2905002087429472
autoregressive,test_c1_side-1_episode10201_no_switch,10201,False,19,0.12926574175393427,0.5728720772775776,0.2978621809684882
autoregressive,test_c1_side-1_episode10201_no_switch,10201,False,20,0.1225959933910197,0.5738793746841491,0.30352463192483126
autoregressive,test_c1_side-1_episode10201_no_switch,10201,False,21,0.11812595089365634,0.5774981185627522,0.3043759305435914
autoregressive,test_c1_side-1_episode10201_no_switch,10201,False,22,0.1174316417701281,0.5842122548221677,0.2983561034077043
autoregressive,test_c1_side-1_episode10201_no_switch,10201,False,23,0.12004327295631878,0.5967934074451037,0.2831633195985776
autoregressive,test_c1_side-1_episode10201_no_switch,10201,False,24,0.1278308426342521,0.6075082086515988,0.2646609487141491
autoregressive,test_c1_side-1_episode10201_no_switch,10201,False,25,0.1359502223119258,0.618236952699432,0.24581282498864215
autoregressive,test_c1_side-1_episode10201_no_switch,10201,False,26,0.14653750860001868,0.6263979918565753,0.2270644995434061
autoregressive,test_c1_side-1_episode10201_no_switch,10201,False,27,0.16352942399993267,0.6414615644385382,0.1950090115615291
autoregressive,test_c1_side-1_episode10201_no_switch,10201,False,28,0.18239409364816786,0.6531100788452561,0.16449582750657613
autoregressive,test_c1_side-1_episode10201_no_switch,10201,False,29,0.19061683275188185,0.6659195693777485,0.14346359787036966
autoregressive,test_c1_side-1_episode10201_no_switch,10201,False,30,0.20521114710498373,0.6740702443795411,0.12071860851547514
autoregressive,test_c1_side-1_episode10201_switch_10,10201,True,0,0.3333333333333333,0.3333333333333333,0.3333333333333333
autoregressive,test_c1_side-1_episode10201_switch_10,10201,True,1,0.3720094900332497,0.4123908249976826,0.21559968496906776
autoregressive,test_c1_side-1_episode10201_switch_10,10201,True,2,0.31398913628562886,0.4914622725603626,0.19454859115400844
autoregressive,test_c1_side-1_episode10201_switch_10,10201,True,3,0.29175034086828183,0.5763772008310463,0.1318724583006721
autoregressive,test_c1_side-1_episode10201_switch_10,10201,True,4,0.22554803319705657,0.653889180859499,0.12056278594344437
autoregressive,test_c1_side-1_episode10201_switch_10,10201,True,5,0.18559608522937743,0.6940118973364252,0.12039201743419738
autoregressive,test_c1_side-1_episode10201_switch_10,10201,True,6,0.1778647139298375,0.6957096238463772,0.12642566222378526
autoregressive,test_c1_side-1_episode10201_switch_10,10201,True,7,0.17112720968808248,0.6864838974842838,0.14238889282763373
autoregressive,test_c1_side-1_episode10201_switch_10,10201,True,8,0.1671236553580666,0.6732808053842841,0.15959553925764927
autoregressive,test_c1_side-1_episode10201_switch_10,10201,True,9,0.16350832553296887,0.6592034046029267,0.17728826986410448
autoregressive,test_c1_side-1_episode10201_switch_10,10201,True,10,0.16072181372168537,0.6451423562616603,0.19413583001665422
autoregressive,test_c1_side-1_episode10201_switch_10,10201,True,11,0.09248910931843851,0.6629118611842475,0.24459902949731396
autoregressive,test_c1_side-1_episode10201_switch_10,10201,True,12,0.03864654537778443,0.6323583719849201,0.3289950826372955
autoregressive,test_c1_side-1_episode10201_switch_10,10201,True,13,0.010325602026994627,0.5143691484412726,0.4753052495317327
autoregressive,test_c1_side-1_episode10201_switch_10,10201,True,14,0.0019984174383462653,0.27877866914463967,0.719222913417014
autoregressive,test_c1_side-1_episode10201_switch_10,10201,True,15,0.00025721631592112324,0.07468442672039823,0.9250583569636806
autoregressive,test_c1_side-1_episode10201_switch_10,10201,True,16,3.331260012965626e-05,0.011837277416808602,0.9881294099830616
autoregressive,test_c1_side-1_episode10201_switch_10,10201,True,17,2.37947591077281e-06,0.0016197854877360864,0.9983778350363531
autoregressive,test_c1_side-1_episode10201_switch_10,10201,True,18,4.318637252844397e-10,3.9343751884461436e-05,0.9999606558162518
autoregressive,test_c1_side-1_episode10201_switch_10,10201,True,19,1.369942235865449e-11,0.0018840379178716893,0.9981159620684289
autoregressive,test_c1_side-1_episode10201_switch_10,10201,True,20,3.520857997793378e-05,0.20652244869113037,0.7934423427288917
autoregressive,test_c1_side-1_episode10201_switch_10,10201,True,21,1.2281695179976375e-06,0.023915109604435998,0.9760836622260459
autoregressive,test_c1_side-1_episode10201_switch_10,10201,True,22,1.6314008377050396e-05,0.006807827423620292,0.9931758585680027
autoregressive,test_c1_side-1_episode10201_switch_10,10201,True,23,0.0004795654652522709,0.011768820854712777,0.987751613680035
autoregressive,test_c1_side-1_episode10201_switch_10,10201,True,24,0.00014078724661918007,0.006605320409205598,0.9932538923441753
autoregressive,test_c1_side-1_episode10201_switch_10,10201,True,25,0.0001874149164425714,0.008876384149168864,0.9909362009343886
autoregressive,test_c1_side-1_episode10201_switch_10,10201,True,26,0.00012587111577715552,0.012858677531517254,0.9870154513527056
autoregressive,test_c1_side-1_episode10201_switch_10,10201,True,27,2.2284658677262424e-05,0.004658971696114056,0.9953187436452087
autoregressive,test_c1_side-1_episode10201_switch_10,10201,True,28,2.024606094164088e-05,0.004377780940342519,0.9956019729987159
autoregressive,test_c1_side-1_episode10201_switch_10,10201,True,29,2.4051054579875085e-05,0.0043987951160204194,0.9955771538293997
autoregressive,test_c1_side-1_episode10201_switch_10,10201,True,30,1.7049165150989613e-05,0.002929026231828055,0.997053924603021
autoregressive,test_c1_side+1_episode12200_no_switch,12200,False,0,0.3333333333333333,0.3333333333333333,0.3333333333333333
autoregressive,test_c1_side+1_episode12200_no_switch,12200,False,1,0.3591909648943791,0.5035743946501822,0.13723464045543873
autoregressive,test_c1_side+1_episode12200_no_switch,12200,False,2,0.3254993158758012,0.5232512659923417,0.15124941813185708
autoregressive,test_c1_side+1_episode12200_no_switch,12200,False,3,0.2441501443209499,0.6412426642846297,0.11460719139442038
autoregressive,test_c1_side+1_episode12200_no_switch,12200,False,4,0.18310037449818634,0.7273638538523541,0.08953577164945953
autoregressive,test_c1_side+1_episode12200_no_switch,12200,False,5,0.15786600797965786,0.7583285427321195,0.08380544928822264
autoregressive,test_c1_side+1_episode12200_no_switch,12200,False,6,0.1542224791323135,0.7552370313921626,0.09054048947552401
autoregressive,test_c1_side+1_episode12200_no_switch,12200,False,7,0.15774852425189864,0.7465429849510911,0.09570849079701027
autoregressive,test_c1_side+1_episode12200_no_switch,12200,False,8,0.16213817719157134,0.7379269207757687,0.09993490203265996
autoregressive,test_c1_side+1_episode12200_no_switch,12200,False,9,0.16671999336263316,0.7301945908762025,0.10308541576116446
autoregressive,test_c1_side+1_episode12200_no_switch,12200,False,10,0.17227941110100262,0.7232852223629084,0.1044353665360889
autoregressive,test_c1_side+1_episode12200_no_switch,12200,False,11,0.1764614230549251,0.7173534642060285,0.10618511273904632
autoregressive,test_c1_side+1_episode12200_no_switch,12200,False,12,0.1818125204699879,0.7119388453785148,0.10624863415149735
autoregressive,test_c1_side+1_episode12200_no_switch,12200,False,13,0.18553583005798832,0.7075924118992648,0.10687175804274697
autoregressive,test_c1_side+1_episode12200_no_switch,12200,False,14,0.18995290065057846,0.7033732790053014,0.10667382034411994
autoregressive,test_c1_side+1_episode12200_no_switch,12200,False,15,0.19363296936928467,0.6998882157820974,0.10647881484861808
autoregressive,test_c1_side+1_episode12200_no_switch,12200,False,16,0.19639673661897106,0.6969050499719649,0.10669821340906412
autoregressive,test_c1_side+1_episode12200_no_switch,12200,False,17,0.19788510583980873,0.6947084371988486,0.10740645696134266
autoregressive,test_c1_side+1_episode12200_no_switch,12200,False,18,0.1998010541012727,0.6926158396319196,0.10758310626680771
autoregressive,test_c1_side+1_episode12200_no_switch,12200,False,19,0.200831471202123,0.6907315183423812,0.10843701045549578
autoregressive,test_c1_side+1_episode12200_no_switch,12200,False,20,0.20057285122537877,0.6895866497306017,0.10984049904401941
autoregressive,test_c1_side+1_episode12200_no_switch,12200,False,21,0.19946871749127748,0.6890214149085582,0.11150986760016424
autoregressive,test_c1_side+1_episode12200_no_switch,12200,False,22,0.1987916311604345,0.6881304645615316,0.11307790427803396
autoregressive,test_c1_side+1_episode12200_no_switch,12200,False,23,0.1970721180414231,0.6879944650055835,0.1149334169529933
autoregressive,test_c1_side+1_episode12200_no_switch,12200,False,24,0.19532373383018564,0.6875083017272529,0.11716796444256145
autoregressive,test_c1_side+1_episode12200_no_switch,12200,False,25,0.20549398695617355,0.6705625342243196,0.1239434788195068
autoregressive,test_c1_side+1_episode12200_no_switch,12200,False,26,0.21297732420127694,0.6525412288567946,0.13448144694192854
autoregressive,test_c1_side+1_episode12200_no_switch,12200,False,27,0.2119262110975979,0.6416137482636096,0.14646004063879248
autoregressive,test_c1_side+1_episode12200_no_switch,12200,False,28,0.20876038702771874,0.6316599118959034,0.15957970107637784
autoregressive,test_c1_side+1_episode12200_no_switch,12200,False,29,0.212718550489963,0.6166894200599498,0.17059202945008725
autoregressive,test_c1_side+1_episode12200_no_switch,12200,False,30,0.2144341705334058,0.6040187992099206,0.18154703025667362
autoregressive,test_c1_side+1_episode12200_switch_10,12200,True,0,0.3333333333333333,0.3333333333333333,0.3333333333333333
autoregressive,test_c1_side+1_episode12200_switch_10,12200,True,1,0.3489848996056651,0.5028843903586078,0.14813071003572706
autoregressive,test_c1_side+1_episode12200_switch_10,12200,True,2,0.31836350621841153,0.5218500982460453,0.159786395535543
autoregressive,test_c1_side+1_episode12200_switch_10,12200,True,3,0.23477569231929304,0.6428006242611454,0.12242368341956145
autoregressive,test_c1_side+1_episode12200_switch_10,12200,True,4,0.17973701288852717,0.7273981892179344,0.09286479789353845
autoregressive,test_c1_side+1_episode12200_switch_10,12200,True,5,0.1581215809662095,0.7576362687417192,0.08424215029207123
autoregressive,test_c1_side+1_episode12200_switch_10,12200,True,6,0.15586341931413308,0.7542889668550731,0.0898476138307938
autoregressive,test_c1_side+1_episode12200_switch_10,12200,True,7,0.15851803294101113,0.7458488791546395,0.09563308790434925
autoregressive,test_c1_side+1_episode12200_switch_10,12200,True,8,0.1616975574996845,0.7374851828677311,0.10081725963258437
autoregressive,test_c1_side+1_episode12200_switch_10,12200,True,9,0.16607007870598792,0.7304189484648612,0.10351097282915077
autoregressive,test_c1_side+1_episode12200_switch_10,12200,True,10,0.17244657023013005,0.723454561247797,0.10409886852207297
autoregressive,test_c1_side+1_episode12200_switch_10,12200,True,11,0.08013672771337922,0.663700916453828,0.2561623558327927
autoregressive,test_c1_side+1_episode12200_switch_10,12200,True,12,0.03577858736494595,0.5707961210620461,0.3934252915730079
autoregressive,test_c1_side+1_episode12200_switch_10,12200,True,13,0.010081355454123057,0.4135267370098224,0.5763919075360545
autoregressive,test_c1_side+1_episode12200_switch_10,12200,True,14,0.001558936117662649,0.13338431860523697,0.8650567452771003
autoregressive,test_c1_side+1_episode12200_switch_10,12200,True,15,0.00011186606675325547,0.01047268582871301,0.9894154481045336
autoregressive,test_c1_side+1_episode12200_switch_10,12200,True,16,1.0744935507698882e-05,0.0006912445884787645,0.9992980104760135
autoregressive,test_c1_side+1_episode12200_switch_10,12200,True,17,9.186695897233598e-07,0.00010526677196413497,0.9998938145584462
autoregressive,test_c1_side+1_episode12200_switch_10,12200,True,18,0.007336728822060218,0.8590281367180101,0.1336351344599296
autoregressive,test_c1_side+1_episode12200_switch_10,12200,True,19,0.999656011834556,0.00034398816544369356,3.2767041790404384e-16
autoregressive,test_c1_side+1_episode12200_switch_10,12200,True,20,0.9979422564858366,0.0014942130788651686,0.0005635304352981826
autoregressive,test_c1_side+1_episode12200_switch_10,12200,True,21,7.556030448809681e-07,0.00577667762297361,0.9942225667739815
autoregressive,test_c1_side+1_episode12200_switch_10,12200,True,22,9.612023758770252e-07,0.0021949475521967107,0.9978040912454275
autoregressive,test_c1_side+1_episode12200_switch_10,12200,True,23,7.849945418597264e-13,5.686894176090397e-06,0.999994313105039
autoregressive,test_c1_side+1_episode12200_switch_10,12200,True,24,6.270117476045495e-10,3.562053620443299e-07,0.9999996431676262
autoregressive,test_c1_side+1_episode12200_switch_10,12200,True,25,0.6019767463765224,0.020808576922031027,0.3772146767014466
autoregressive,test_c1_side+1_episode12200_switch_10,12200,True,26,0.9793177648967276,0.014106427696573323,0.006575807406699062
autoregressive,test_c1_side+1_episode12200_switch_10,12200,True,27,0.9924822993182107,0.007248172751218483,0.0002695279305707595
autoregressive,test_c1_side+1_episode12200_switch_10,12200,True,28,0.9659919486141239,0.030722348443128062,0.003285702942748011
autoregressive,test_c1_side+1_episode12200_switch_10,12200,True,29,0.9866961456720766,0.012999894772011696,0.0003039595559116084
autoregressive,test_c1_side+1_episode12200_switch_10,12200,True,30,0.81334762583019,0.12682358824755596,0.05982878592225395
autoregressive,test_c1_side+1_episode12201_no_switch,12201,False,0,0.3333333333333333,0.3333333333333333,0.3333333333333333
autoregressive,test_c1_side+1_episode12201_no_switch,12201,False,1,0.3139073967245374,0.6193716019913881,0.0667210012840744
autoregressive,test_c1_side+1_episode12201_no_switch,12201,False,2,0.2729806097172429,0.6375633521326125,0.08945603815014465
autoregressive,test_c1_side+1_episode12201_no_switch,12201,False,3,0.17804679402161583,0.7517716631955114,0.07018154278287285
autoregressive,test_c1_side+1_episode12201_no_switch,12201,False,4,0.12427098212416476,0.8167386389596437,0.05899037891619145
autoregressive,test_c1_side+1_episode12201_no_switch,12201,False,5,0.11409375837532502,0.8272923601103943,0.058613881514280756
autoregressive,test_c1_side+1_episode12201_no_switch,12201,False,6,0.1189713854110991,0.8103806252691012,0.07064798931979972
autoregressive,test_c1_side+1_episode12201_no_switch,12201,False,7,0.12581492655462195,0.7926645843342909,0.08152048911108713
autoregressive,test_c1_side+1_episode12201_no_switch,12201,False,8,0.1322111470257981,0.7779563427979705,0.08983251017623145
autoregressive,test_c1_side+1_episode12201_no_switch,12201,False,9,0.1389574392717644,0.7653413822534321,0.09570117847480342
autoregressive,test_c1_side+1_episode12201_no_switch,12201,False,10,0.14514216643668215,0.7544365860968621,0.10042124746645573
autoregressive,test_c1_side+1_episode12201_no_switch,12201,False,11,0.1519915611118211,0.7453589811046012,0.10264945778357756
autoregressive,test_c1_side+1_episode12201_no_switch,12201,False,12,0.15688685734802385,0.7376741578107076,0.10543898484126857
autoregressive,test_c1_side+1_episode12201_no_switch,12201,False,13,0.16291582352335576,0.7305486806625123,0.10653549581413187
autoregressive,test_c1_side+1_episode12201_no_switch,12201,False,14,0.16863391024995103,0.7244607260791923,0.10690536367085665
autoregressive,test_c1_side+1_episode12201_no_switch,12201,False,15,0.17318771134559885,0.7191360884601549,0.10767620019424616
autoregressive,test_c1_side+1_episode12201_no_switch,12201,False,16,0.17672595726775925,0.7145103038148495,0.10876373891739126
autoregressive,test_c1_side+1_episode12201_no_switch,12201,False,17,0.1797076641772616,0.7112732510489028,0.10901908477383544
autoregressive,test_c1_side+1_episode12201_no_switch,12201,False,18,0.183023546311548,0.7079083008844874,0.10906815280396465
autoregressive,test_c1_side+1_episode12201_no_switch,12201,False,19,0.1866144949881542,0.7055222469673159,0.10786325804452988
autoregressive,test_c1_side+1_episode12201_no_switch,12201,False,20,0.18811448325245034,0.7033190644749046,0.10856645227264516
autoregressive,test_c1_side+1_episode12201_no_switch,12201,False,21,0.18912989550715606,0.701954279692669,0.10891582480017502
autoregressive,test_c1_side+1_episode12201_no_switch,12201,False,22,0.19058566641311414,0.7004267748108385,0.10898755877604746
autoregressive,test_c1_side+1_episode12201_no_switch,12201,False,23,0.1914324853159929,0.6989990452603886,0.10956846942361854
autoregressive,test_c1_side+1_episode12201_no_switch,12201,False,24,0.19080109468639309,0.6983953647161334,0.11080354059747345
autoregressive,test_c1_side+1_episode12201_no_switch,12201,False,25,0.18985937361183222,0.6972594795043677,0.11288114688380005
autoregressive,test_c1_side+1_episode12201_no_switch,12201,False,26,0.18871944954915096,0.6966996231872183,0.11458092726363078
autoregressive,test_c1_side+1_episode12201_no_switch,12201,False,27,0.20099741290112058,0.6787483593681262,0.12025422773075316
autoregressive,test_c1_side+1_episode12201_no_switch,12201,False,28,0.20875067840465092,0.6600158337036672,0.13123348789168185
autoregressive,test_c1_side+1_episode12201_no_switch,12201,False,29,0.20839043003559246,0.6490086883835189,0.14260088158088874
autoregressive,test_c1_side+1_episode12201_no_switch,12201,False,30,0.20590921341830212,0.6394740923734876,0.1546166942082102
autoregressive,test_c1_side+1_episode12201_switch_10,12201,True,0,0.3333333333333333,0.3333333333333333,0.3333333333333333
autoregressive,test_c1_side+1_episode12201_switch_10,12201,True,1,0.3023661971187942,0.6281116627600882,0.06952214012111758
autoregressive,test_c1_side+1_episode12201_switch_10,12201,True,2,0.2644002913755353,0.6442668832828815,0.09133282534158323
autoregressive,test_c1_side+1_episode12201_switch_10,12201,True,3,0.17525757796841043,0.7555795873342924,0.06916283469729713
autoregressive,test_c1_side+1_episode12201_switch_10,12201,True,4,0.12181512924935847,0.8194935956235188,0.058691275127122716
autoregressive,test_c1_side+1_episode12201_switch_10,12201,True,5,0.11197936046696821,0.8294191773016721,0.058601462231359605
autoregressive,test_c1_side+1_episode12201_switch_10,12201,True,6,0.11842232129033586,0.8118087519491329,0.0697689267605312
autoregressive,test_c1_side+1_episode12201_switch_10,12201,True,7,0.12555903782013408,0.7938882461621335,0.08055271601773245
autoregressive,test_c1_side+1_episode12201_switch_10,12201,True,8,0.13260212218711093,0.7783752166395304,0.08902266117335877
autoregressive,test_c1_side+1_episode12201_switch_10,12201,True,9,0.13956132973640983,0.7655220885796805,0.09491658168390966
autoregressive,test_c1_side+1_episode12201_switch_10,12201,True,10,0.14593868089085138,0.7546692267210288,0.09939209238811983
autoregressive,test_c1_side+1_episode12201_switch_10,12201,True,11,0.06784306813708486,0.6966872816248916,0.23546965023802366
autoregressive,test_c1_side+1_episode12201_switch_10,12201,True,12,0.030671114381790574,0.6066188978473729,0.3627099877708366
autoregressive,test_c1_side+1_episode12201_switch_10,12201,True,13,0.008766809563805685,0.44769194071666946,0.543541249719525
autoregressive,test_c1_side+1_episode12201_switch_10,12201,True,14,0.0014666238494556805,0.1530711191550411,0.8454622569955031
autoregressive,test_c1_side+1_episode12201_switch_10,12201,True,15,0.00010167942433936978,0.011534123973296536,0.9883641966023642
autoregressive,test_c1_side+1_episode12201_switch_10,12201,True,16,8.465032166685698e-06,0.0006224450385397564,0.9993690899292936
autoregressive,test_c1_side+1_episode12201_switch_10,12201,True,17,7.931848071891458e-07,9.772368188974802e-05,0.9999014831333031
autoregressive,test_c1_side+1_episode12201_switch_10,12201,True,18,0.006905079212388464,0.8455283188522853,0.14756660193532634
autoregressive,test_c1_side+1_episode12201_switch_10,12201,True,19,0.9996225210232842,0.00037747897671511915,6.1895689323216e-16
autoregressive,test_c1_side+1_episode12201_switch_10,12201,True,20,0.997299998140443,0.0022014292454270883,0.0004985726141299939
autoregressive,test_c1_side+1_episode12201_switch_10,12201,True,21,0.00023695256979034754,0.037479107312404815,0.9622839401178048
autoregressive,test_c1_side+1_episode12201_switch_10,12201,True,22,2.642420173775327e-06,0.0056004488906050715,0.9943969086892211
autoregressive,test_c1_side+1_episode12201_switch_10,12201,True,23,1.3455715634659002e-12,6.046792710838954e-06,0.9999939532059436
autoregressive,test_c1_side+1_episode12201_switch_10,12201,True,24,2.280962886967647e-09,5.859929970594555e-07,0.99999941172604
autoregressive,test_c1_side+1_episode12201_switch_10,12201,True,25,0.08332522043369651,0.00753954632658422,0.9091352332397193
autoregressive,test_c1_side+1_episode12201_switch_10,12201,True,26,0.8012379824695275,0.04160119546580877,0.1571608220646636
autoregressive,test_c1_side+1_episode12201_switch_10,12201,True,27,0.9975658186757684,0.0024156308470820813,1.855047714948588e-05
autoregressive,test_c1_side+1_episode12201_switch_10,12201,True,28,0.9953166101400932,0.004566019562790535,0.00011737029711623118
autoregressive,test_c1_side+1_episode12201_switch_10,12201,True,29,0.9277330273432358,0.05406713836930059,0.01819983428746344
autoregressive,test_c1_side+1_episode12201_switch_10,12201,True,30,0.6134594100814265,0.2610548829917045,0.12548570692686903
autoregressive,test_c4_side-1_episode40200_no_switch,40200,False,0,0.3333333333333333,0.3333333333333333,0.3333333333333333
autoregressive,test_c4_side-1_episode40200_no_switch,40200,False,1,0.3445497950217146,0.3539525116266744,0.3014976933516109
autoregressive,test_c4_side-1_episode40200_no_switch,40200,False,2,0.33084863359102185,0.3990715156767605,0.2700798507322176
autoregressive,test_c4_side-1_episode40200_no_switch,40200,False,3,0.35701981723608694,0.4574024442281577,0.18557773853575543
autoregressive,test_c4_side-1_episode40200_no_switch,40200,False,4,0.317662870815349,0.5234929788820291,0.15884415030262186
autoregressive,test_c4_side-1_episode40200_no_switch,40200,False,5,0.27025078825256893,0.5738769845339069,0.15587222721352426
autoregressive,test_c4_side-1_episode40200_no_switch,40200,False,6,0.2565710864372657,0.5896425628673293,0.15378635069540508
autoregressive,test_c4_side-1_episode40200_no_switch,40200,False,7,0.244246124969964,0.5961744811113628,0.15957939391867318
autoregressive,test_c4_side-1_episode40200_no_switch,40200,False,8,0.23411522558769432,0.5979897761828639,0.16789499822944176
autoregressive,test_c4_side-1_episode40200_no_switch,40200,False,9,0.22500486142258314,0.5972512693787467,0.1777438691986701
autoregressive,test_c4_side-1_episode40200_no_switch,40200,False,10,0.21754991651015182,0.5942466214506139,0.18820346203923427
autoregressive,test_c4_side-1_episode40200_no_switch,40200,False,11,0.21229429027062346,0.589420075666597,0.19828563406277952
autoregressive,test_c4_side-1_episode40200_no_switch,40200,False,12,0.20812411888634658,0.5840124597324472,0.2078634213812062
autoregressive,test_c4_side-1_episode40200_no_switch,40200,False,13,0.20440045198000278,0.5780994811294873,0.21750006689050982
autoregressive,test_c4_side-1_episode40200_no_switch,40200,False,14,0.20165633147021836,0.5719287839330749,0.22641488459670672
autoregressive,test_c4_side-1_episode40200_no_switch,40200,False,15,0.19857614688204703,0.5664011083110817,0.23502274480687124
autoregressive,test_c4_side-1_episode40200_no_switch,40200,False,16,0.19561673591471876,0.5613881408892495,0.2429951231960318
autoregressive,test_c4_side-1_episode40200_no_switch,40200,False,17,0.19101906858951426,0.5580158727855119,0.25096505862497376
autoregressive,test_c4_side-1_episode40200_no_switch,40200,False,18,0.1873989471075411,0.5551667359957969,0.25743431689666213
autoregressive,test_c4_side-1_episode40200_no_switch,40200,False,19,0.18227908442862856,0.5543910956788894,0.26332981989248205
autoregressive,test_c4_side-1_episode40200_no_switch,40200,False,20,0.17758155507747603,0.5550452155333448,0.2673732293891792
autoregressive,test_c4_side-1_episode40200_no_switch,40200,False,21,0.1716888762768368,0.5570206956883517,0.2712904280348115
autoregressive,test_c4_side-1_episode40200_no_switch,40200,False,22,0.1658631547390837,0.5605550799875302,0.27358176527338607
autoregressive,test_c4_side-1_episode40200_no_switch,40200,False,23,0.16069133945580336,0.5654615686919099,0.27384709185228684
autoregressive,test_c4_side-1_episode40200_no_switch,40200,False,24,0.15767389518805786,0.5711398571621994,0.27118624764974275
autoregressive,test_c4_side-1_episode40200_no_switch,40200,False,25,0.15506296271520392,0.5784383356290158,0.26649870165578027
autoregressive,test_c4_side-1_episode40200_no_switch,40200,False,26,0.15482250167808065,0.5855309743987765,0.2596465239231429
autoregressive,test_c4_side-1_episode40200_no_switch,40200,False,27,0.15517340689709072,0.5924566319377438,0.25236996116516536
autoregressive,test_c4_side-1_episode40200_no_switch,40200,False,28,0.15151940864298785,0.6104893352918421,0.23799125606517005
autoregressive,test_c4_side-1_episode40200_no_switch,40200,False,29,0.14284573227190892,0.6289938649158294,0.22816040281226166
autoregressive,test_c4_side-1_episode40200_no_switch,40200,False,30,0.14288800279357025,0.6478579500005,0.20925404720592983
autoregressive,test_c4_side-1_episode40200_switch_10,40200,True,0,0.3333333333333333,0.3333333333333333,0.3333333333333333
autoregressive,test_c4_side-1_episode40200_switch_10,40200,True,1,0.34519915824945474,0.3543254912208508,0.3004753505296944
autoregressive,test_c4_side-1_episode40200_switch_10,40200,True,2,0.3323297349655883,0.3997357578229332,0.26793450721147855
autoregressive,test_c4_side-1_episode40200_switch_10,40200,True,3,0.3543681648670218,0.45825199907216313,0.18737983606081512
autoregressive,test_c4_side-1_episode40200_switch_10,40200,True,4,0.3163342590892753,0.5245935710059518,0.15907216990477296
autoregressive,test_c4_side-1_episode40200_switch_10,40200,True,5,0.2702127079433242,0.5743658895560058,0.15542140250066996
autoregressive,test_c4_side-1_episode40200_switch_10,40200,True,6,0.2544936938028196,0.5903388673757054,0.155167438821475
autoregressive,test_c4_side-1_episode40200_switch_10,40200,True,7,0.24075261479938523,0.5976843176531523,0.16156306754746247
autoregressive,test_c4_side-1_episode40200_switch_10,40200,True,8,0.23100346688606296,0.5991595028708686,0.16983703024306837
autoregressive,test_c4_side-1_episode40200_switch_10,40200,True,9,0.2228698036159526,0.5977945486566065,0.1793356477274409
autoregressive,test_c4_side-1_episode40200_switch_10,40200,True,10,0.21605084509423084,0.5945093894094016,0.18943976549636762
autoregressive,test_c4_side-1_episode40200_switch_10,40200,True,11,0.10191900136979043,0.584521327294358,0.3135596713358515
autoregressive,test_c4_side-1_episode40200_switch_10,40200,True,12,0.03570634331703848,0.5306638058330455,0.43362985084991595
autoregressive,test_c4_side-1_episode40200_switch_10,40200,True,13,0.00697519889308218,0.40798548814432883,0.585039312962589
autoregressive,test_c4_side-1_episode40200_switch_10,40200,True,14,0.0007609083261211599,0.16204598123157105,0.8371931104423078
autoregressive,test_c4_side-1_episode40200_switch_10,40200,True,15,4.601591510056201e-05,0.020283684834315235,0.9796702992505842
autoregressive,test_c4_side-1_episode40200_switch_10,40200,True,16,2.2679996307297852e-06,0.0013773789970182389,0.9986203530033511
autoregressive,test_c4_side-1_episode40200_switch_10,40200,True,17,5.3485864659539825e-08,0.00011608477131616733,0.9998838617428192
autoregressive,test_c4_side-1_episode40200_switch_10,40200,True,18,8.588466624077136e-10,0.003619636045102539,0.9963803630960508
autoregressive,test_c4_side-1_episode40200_switch_10,40200,True,19,0.004496459931643186,0.9955013100139068,2.2300544499878936e-06
autoregressive,test_c4_side-1_episode40200_switch_10,40200,True,20,0.009105058942051502,0.9908949408281615,2.2978695048097205e-10
autoregressive,test_c4_side-1_episode40200_switch_10,40200,True,21,0.04959640661056467,0.9504035275175304,6.587190498394912e-08
autoregressive,test_c4_side-1_episode40200_switch_10,40200,True,22,0.12229872603956547,0.8776937243204006,7.549640033962268e-06
autoregressive,test_c4_side-1_episode40200_switch_10,40200,True,23,0.06400177029443041,0.9359008610293134,9.736867625627898e-05
autoregressive,test_c4_side-1_episode40200_switch_10,40200,True,24,0.017564537975114185,0.9819683466371868,0.0004671153876989856
autoregressive,test_c4_side-1_episode40200_switch_10,40200,True,25,0.015775457543873002,0.983813191704543,0.00041135075158395815
autoregressive,test_c4_side-1_episode40200_switch_10,40200,True,26,0.010316927321501305,0.9867251130632749,0.0029579596152238194
autoregressive,test_c4_side-1_episode40200_switch_10,40200,True,27,0.01241329506025505,0.9845282403485265,0.0030584645912185354
autoregressive,test_c4_side-1_episode40200_switch_10,40200,True,28,0.0017376579610482927,0.9164873578556554,0.08177498418329633
autoregressive,test_c4_side-1_episode40200_switch_10,40200,True,29,0.002390623423946005,0.8872425409577743,0.1103668356182797
autoregressive,test_c4_side-1_episode40200_switch_10,40200,True,30,0.001924318724618935,0.713810852165041,0.28426482911034007
autoregressive,test_c4_side-1_episode40201_no_switch,40201,False,0,0.3333333333333333,0.3333333333333333,0.3333333333333333
autoregressive,test_c4_side-1_episode40201_no_switch,40201,False,1,0.23309095738709648,0.693816213418153,0.0730928291947505
autoregressive,test_c4_side-1_episode40201_no_switch,40201,False,2,0.19460079001899613,0.7217624945163504,0.08363671546465357
autoregressive,test_c4_side-1_episode40201_no_switch,40201,False,3,0.1415626149671593,0.7907163169088177,0.06772106812402308
autoregressive,test_c4_side-1_episode40201_no_switch,40201,False,4,0.1116793568394892,0.8253455286664477,0.06297511449406308
autoregressive,test_c4_side-1_episode40201_no_switch,40201,False,5,0.10655762505975201,0.8223296972197949,0.07111267772045302
autoregressive,test_c4_side-1_episode40201_no_switch,40201,False,6,0.11821339708055553,0.7944923306781588,0.08729427224128566
autoregressive,test_c4_side-1_episode40201_no_switch,40201,False,7,0.1284796946118834,0.766301177040333,0.10521912834778359
autoregressive,test_c4_side-1_episode40201_no_switch,40201,False,8,0.1366747495998777,0.7408363341879217,0.12248891621220062
autoregressive,test_c4_side-1_episode40201_no_switch,40201,False,9,0.1437605096532278,0.7172872014934123,0.13895228885335992
autoregressive,test_c4_side-1_episode40201_no_switch,40201,False,10,0.14954094322222697,0.6957621492790691,0.154696907498704
autoregressive,test_c4_side-1_episode40201_no_switch,40201,False,11,0.15419902436541655,0.6756947329596161,0.17010624267496752
autoregressive,test_c4_side-1_episode40201_no_switch,40201,False,12,0.15826002053920693,0.6572728987600802,0.184467080700713
autoregressive,test_c4_side-1_episode40201_no_switch,40201,False,13,0.16249729737783059,0.6401793079792111,0.19732339464295837
autoregressive,test_c4_side-1_episode40201_no_switch,40201,False,14,0.16534019471633649,0.6245786829185669,0.21008112236509663
autoregressive,test_c4_side-1_episode40201_no_switch,40201,False,15,0.16812207338217694,0.6110730139607966,0.22080491265702648
autoregressive,test_c4_side-1_episode40201_no_switch,40201,False,16,0.1700887487705719,0.599460772853603,0.2304504783758251
autoregressive,test_c4_side-1_episode40201_no_switch,40201,False,17,0.1707971168840078,0.5896516090446227,0.2395512740713695
autoregressive,test_c4_side-1_episode40201_no_switch,40201,False,18,0.17053225689039225,0.5816924423287413,0.24777530078086654
autoregressive,test_c4_side-1_episode40201_no_switch,40201,False,19,0.17025679562421414,0.5757264381281275,0.2540167662476583
autoregressive,test_c4_side-1_episode40201_no_switch,40201,False,20,0.16965877194280185,0.571274076882379,0.2590671511748192
autoregressive,test_c4_side-1_episode40201_no_switch,40201,False,21,0.16858203207451017,0.568620530080342,0.2627974378451479
autoregressive,test_c4_side-1_episode40201_no_switch,40201,False,22,0.1676887079192282,0.5671694523747167,0.2651418397060552
autoregressive,test_c4_side-1_episode40201_no_switch,40201,False,23,0.16721614213236552,0.5676502096440957,0.2651336482235387
autoregressive,test_c4_side-1_episode40201_no_switch,40201,False,24,0.16718195092335578,0.5695902909757526,0.2632277581008915
autoregressive,test_c4_side-1_episode40201_no_switch,40201,False,25,0.16876466348240504,0.5729565936296296,0.2582787428879654
autoregressive,test_c4_side-1_episode40201_no_switch,40201,False,26,0.1712096135753978,0.5765647701193142,0.252225616305288
autoregressive,test_c4_side-1_episode40201_no_switch,40201,False,27,0.16839802406937845,0.592312052245826,0.23928992368479554
autoregressive,test_c4_side-1_episode40201_no_switch,40201,False,28,0.15714505693105452,0.6085556629247739,0.23429928014417145
autoregressive,test_c4_side-1_episode40201_no_switch,40201,False,29,0.15140164664923406,0.6242548536514655,0.22434349969930054
autoregressive,test_c4_side-1_episode40201_no_switch,40201,False,30,0.15545988174881856,0.6351230515845574,0.20941706666662407
autoregressive,test_c4_side-1_episode40201_switch_10,40201,True,0,0.3333333333333333,0.3333333333333333,0.3333333333333333
autoregressive,test_c4_side-1_episode40201_switch_10,40201,True,1,0.24018017368830535,0.7003069647008809,0.05951286161081365
autoregressive,test_c4_side-1_episode40201_switch_10,40201,True,2,0.1981405161972187,0.7266779473151592,0.07518153648762219
autoregressive,test_c4_side-1_episode40201_switch_10,40201,True,3,0.14188981261602412,0.7943436727830642,0.0637665146009118
autoregressive,test_c4_side-1_episode40201_switch_10,40201,True,4,0.11222732360752487,0.8280987082129126,0.05967396817956251
autoregressive,test_c4_side-1_episode40201_switch_10,40201,True,5,0.10659123876880731,0.8245426306473621,0.06886613058383054
autoregressive,test_c4_side-1_episode40201_switch_10,40201,True,6,0.11876585263389597,0.796157872973889,0.0850762743922151
autoregressive,test_c4_side-1_episode40201_switch_10,40201,True,7,0.12912937332708996,0.7679301263847031,0.10294050028820691
autoregressive,test_c4_side-1_episode40201_switch_10,40201,True,8,0.13712085094453694,0.7422582922238956,0.12062085683156751
autoregressive,test_c4_side-1_episode40201_switch_10,40201,True,9,0.14379720554746972,0.7187203340892347,0.1374824603632956
autoregressive,test_c4_side-1_episode40201_switch_10,40201,True,10,0.14949237729674636,0.6970683872853719,0.15343923541788182
autoregressive,test_c4_side-1_episode40201_switch_10,40201,True,11,0.08868500518086687,0.6644288446522162,0.246886150166917
autoregressive,test_c4_side-1_episode40201_switch_10,40201,True,12,0.04079474975017817,0.6213802741177827,0.33782497613203916
autoregressive,test_c4_side-1_episode40201_switch_10,40201,True,13,0.010615058160086342,0.5286704132307611,0.46071452860915246
autoregressive,test_c4_side-1_episode40201_switch_10,40201,True,14,0.0013723727024893076,0.2679691689317561,0.7306584583657547
autoregressive,test_c4_side-1_episode40201_switch_10,40201,True,15,8.781192816005394e-05,0.04543983969590413,0.9544723483759359
autoregressive,test_c4_side-1_episode40201_switch_10,40201,True,16,4.927498851196321e-06,0.002994334300867142,0.9970007382002817
autoregressive,test_c4_side-1_episode40201_switch_10,40201,True,17,1.72485177872817e-07,0.0002017060175571931,0.999798121497265
autoregressive,test_c4_side-1_episode40201_switch_10,40201,True,18,1.3720645707191806e-09,0.0008972484369947627,0.9991027501909406
autoregressive,test_c4_side-1_episode40201_switch_10,40201,True,19,0.001241254870238403,0.9987399914213958,1.8753708365889995e-05
autoregressive,test_c4_side-1_episode40201_switch_10,40201,True,20,0.03655396184735665,0.9634460373284222,8.242212976567102e-10
autoregressive,test_c4_side-1_episode40201_switch_10,40201,True,21,0.5202810716781748,0.47971892688360734,1.4382178073966655e-09
autoregressive,test_c4_side-1_episode40201_switch_10,40201,True,22,0.9334200880510577,0.06657986612626272,4.5822679461628754e-08
autoregressive,test_c4_side-1_episode40201_switch_10,40201,True,23,0.957086549163092,0.04291136735591241,2.0834809955447597e-06
autoregressive,test_c4_side-1_episode40201_switch_10,40201,True,24,0.8649648501279995,0.13492897814872912,0.00010617172327147456
autoregressive,test_c4_side-1_episode40201_switch_10,40201,True,25,0.7718352989296011,0.2280602787740164,0.00010442229638256764
autoregressive,test_c4_side-1_episode40201_switch_10,40201,True,26,0.8040982742182512,0.195883152989198,1.8572792550662994e-05
autoregressive,test_c4_side-1_episode40201_switch_10,40201,True,27,0.29727697248743296,0.6679969809626615,0.03472604654990551
autoregressive,test_c4_side-1_episode40201_switch_10,40201,True,28,0.024469352451889186,0.8688011499822044,0.10672949756590644
autoregressive,test_c4_side-1_episode40201_switch_10,40201,True,29,0.0023457878335609713,0.7295018424828557,0.2681523696835833
autoregressive,test_c4_side-1_episode40201_switch_10,40201,True,30,0.0010624479895658574,0.4562956243592855,0.5426419276511486
autoregressive,test_c4_side+1_episode42200_no_switch,42200,False,0,0.3333333333333333,0.3333333333333333,0.3333333333333333
autoregressive,test_c4_side+1_episode42200_no_switch,42200,False,1,0.33076222303890973,0.5266766698655638,0.1425611070955264
autoregressive,test_c4_side+1_episode42200_no_switch,42200,False,2,0.2741957155721047,0.5775234407276799,0.1482808437002155
autoregressive,test_c4_side+1_episode42200_no_switch,42200,False,3,0.17821560343196854,0.7185480804818588,0.1032363160861726
autoregressive,test_c4_side+1_episode42200_no_switch,42200,False,4,0.14033158366740958,0.7860900551521252,0.07357836118046535
autoregressive,test_c4_side+1_episode42200_no_switch,42200,False,5,0.12843595115291287,0.8038169730271956,0.0677470758198915
autoregressive,test_c4_side+1_episode42200_no_switch,42200,False,6,0.13250366373334718,0.7930299991218644,0.07446633714478845
autoregressive,test_c4_side+1_episode42200_no_switch,42200,False,7,0.14259320687595686,0.7788257683849745,0.07858102473906865
autoregressive,test_c4_side+1_episode42200_no_switch,42200,False,8,0.15611535345174796,0.7646002913095169,0.07928435523873507
autoregressive,test_c4_side+1_episode42200_no_switch,42200,False,9,0.17150059450461866,0.7510802468862249,0.07741915860915641
autoregressive,test_c4_side+1_episode42200_no_switch,42200,False,10,0.1867274380313979,0.7378023864586812,0.07547017550992081
autoregressive,test_c4_side+1_episode42200_no_switch,42200,False,11,0.20195928453700487,0.7251015700357466,0.07293914542724833
autoregressive,test_c4_side+1_episode42200_no_switch,42200,False,12,0.2160002584320728,0.7133206643042966,0.07067907726363047
autoregressive,test_c4_side+1_episode42200_no_switch,42200,False,13,0.2280869411421293,0.702636225195658,0.06927683366221277
autoregressive,test_c4_side+1_episode42200_no_switch,42200,False,14,0.2384431678948332,0.6932075657897553,0.06834926631541133
autoregressive,test_c4_side+1_episode42200_no_switch,42200,False,15,0.24610531729027418,0.6856150747502314,0.0682796079594945
autoregressive,test_c4_side+1_episode42200_no_switch,42200,False,16,0.2519278606307394,0.6797801697820794,0.06829196958718116
autoregressive,test_c4_side+1_episode42200_no_switch,42200,False,17,0.25533249660149754,0.6761919114991626,0.06847559189933988
autoregressive,test_c4_side+1_episode42200_no_switch,42200,False,18,0.2560585344750889,0.6749216760769485,0.06901978944796261
autoregressive,test_c4_side+1_episode42200_no_switch,42200,False,19,0.25456497701172903,0.6758367010730827,0.06959832191518828
autoregressive,test_c4_side+1_episode42200_no_switch,42200,False,20,0.24882170220315744,0.679519959495421,0.07165833830142158
autoregressive,test_c4_side+1_episode42200_no_switch,42200,False,21,0.24181677403876814,0.6842984838065986,0.07388474215463317
autoregressive,test_c4_side+1_episode42200_no_switch,42200,False,22,0.23248348631050827,0.6915068093444122,0.07600970434507955
autoregressive,test_c4_side+1_episode42200_no_switch,42200,False,23,0.22214138487263152,0.7002337951975415,0.07762481992982709
autoregressive,test_c4_side+1_episode42200_no_switch,42200,False,24,0.20853177668041417,0.7100424214381141,0.08142580188147173
autoregressive,test_c4_side+1_episode42200_no_switch,42200,False,25,0.19331071146376688,0.7216295620607692,0.08505972647546378
autoregressive,test_c4_side+1_episode42200_no_switch,42200,False,26,0.18140256532775215,0.7256995393056279,0.09289789536661999
autoregressive,test_c4_side+1_episode42200_no_switch,42200,False,27,0.16515183596519648,0.7258141743800471,0.10903398965475637
autoregressive,test_c4_side+1_episode42200_no_switch,42200,False,28,0.14525718349250352,0.7267961602339593,0.12794665627353716
autoregressive,test_c4_side+1_episode42200_no_switch,42200,False,29,0.11867962844021511,0.7280914901274973,0.1532288814322876
autoregressive,test_c4_side+1_episode42200_no_switch,42200,False,30,0.10739271419773674,0.7174190528675668,0.17518823293469654
autoregressive,test_c4_side+1_episode42200_switch_10,42200,True,0,0.3333333333333333,0.3333333333333333,0.3333333333333333
autoregressive,test_c4_side+1_episode42200_switch_10,42200,True,1,0.32564937789975046,0.5352731333459362,0.13907748875431328
autoregressive,test_c4_side+1_episode42200_switch_10,42200,True,2,0.2700474232574552,0.5850857656528959,0.14486681108964897
autoregressive,test_c4_side+1_episode42200_switch_10,42200,True,3,0.17498221930781901,0.7237748608593552,0.10124291983282586
autoregressive,test_c4_side+1_episode42200_switch_10,42200,True,4,0.1366411043646936,0.7913066664104899,0.07205222922481665
autoregressive,test_c4_side+1_episode42200_switch_10,42200,True,5,0.12750749487997373,0.8072283859342577,0.06526411918576869
autoregressive,test_c4_side+1_episode42200_switch_10,42200,True,6,0.13215151084002136,0.7958794620218577,0.07196902713812098
autoregressive,test_c4_side+1_episode42200_switch_10,42200,True,7,0.1418174805039533,0.7809626424097377,0.07721987708630915
autoregressive,test_c4_side+1_episode42200_switch_10,42200,True,8,0.15575665798803384,0.76653505881472,0.07770828319724622
autoregressive,test_c4_side+1_episode42200_switch_10,42200,True,9,0.16986952691701235,0.7523931917534822,0.07773728132950546
autoregressive,test_c4_side+1_episode42200_switch_10,42200,True,10,0.18485522872830168,0.7390390531112099,0.0761057181604884
autoregressive,test_c4_side+1_episode42200_switch_10,42200,True,11,0.123500699103529,0.6849044965055554,0.19159480439091567
autoregressive,test_c4_side+1_episode42200_switch_10,42200,True,12,0.08295146655842225,0.6283351001257027,0.2887134333158751
autoregressive,test_c4_side+1_episode42200_switch_10,42200,True,13,0.04384497026220854,0.5365078739345714,0.4196471558032202
autoregressive,test_c4_side+1_episode42200_switch_10,42200,True,14,0.01713551427026898,0.3207806081619701,0.662083877567761
autoregressive,test_c4_side+1_episode42200_switch_10,42200,True,15,0.003002500944581965,0.08226792581286972,0.9147295732425483
autoregressive,test_c4_side+1_episode42200_switch_10,42200,True,16,0.0005231996989734281,0.011313573615499057,0.9881632266855276
autoregressive,test_c4_side+1_episode42200_switch_10,42200,True,17,0.00011364900888310382,0.0018132443278886352,0.9980731066632282
autoregressive,test_c4_side+1_episode42200_switch_10,42200,True,18,0.0002927111982650731,0.004666672076950904,0.995040616724784
autoregressive,test_c4_side+1_episode42200_switch_10,42200,True,19,0.9999987321274016,1.2678725983968952e-06,3.4378685412202815e-20
autoregressive,test_c4_side+1_episode42200_switch_10,42200,True,20,0.9790298437706259,0.009352015480798469,0.011618140748575723
autoregressive,test_c4_side+1_episode42200_switch_10,42200,True,21,0.001596985046388581,0.06281018368300129,0.9355928312706101
autoregressive,test_c4_side+1_episode42200_switch_10,42200,True,22,0.4627880936505517,0.025756275907025766,0.5114556304424226
autoregressive,test_c4_side+1_episode42200_switch_10,42200,True,23,2.2572418467404374e-08,0.0006569494974438969,0.9993430279301376
autoregressive,test_c4_side+1_episode42200_switch_10,42200,True,24,5.104363731453963e-17,2.6439783034830254e-08,0.9999999735602169
autoregressive,test_c4_side+1_episode42200_switch_10,42200,True,25,2.864699217503281e-09,1.1467868972122879e-08,0.9999999856674318
autoregressive,test_c4_side+1_episode42200_switch_10,42200,True,26,0.39809902652470713,0.009786808987419428,0.5921141644878735
autoregressive,test_c4_side+1_episode42200_switch_10,42200,True,27,0.9766367026056985,0.008231788475970846,0.015131508918330714
autoregressive,test_c4_side+1_episode42200_switch_10,42200,True,28,0.9994179344747981,0.000577145283352479,4.920241849498108e-06
autoregressive,test_c4_side+1_episode42200_switch_10,42200,True,29,0.9315482258345682,0.05837999848983072,0.010071775675600936
autoregressive,test_c4_side+1_episode42200_switch_10,42200,True,30,0.9610064641907603,0.03802432793796553,0.0009692078712741942
autoregressive,test_c4_side+1_episode42201_no_switch,42201,False,0,0.3333333333333333,0.3333333333333333,0.3333333333333333
autoregressive,test_c4_side+1_episode42201_no_switch,42201,False,1,0.34294400482354026,0.35410229633774765,0.30295369883871215
autoregressive,test_c4_side+1_episode42201_no_switch,42201,False,2,0.33003284145266015,0.4004030422695276,0.26956411627781224
autoregressive,test_c4_side+1_episode42201_no_switch,42201,False,3,0.29111387455895144,0.510559694609113,0.1983264308319356
autoregressive,test_c4_side+1_episode42201_no_switch,42201,False,4,0.25982196788028494,0.6069150301559272,0.13326300196378793
autoregressive,test_c4_side+1_episode42201_no_switch,42201,False,5,0.22432897329766177,0.6649012240389103,0.11076980266342809
autoregressive,test_c4_side+1_episode42201_no_switch,42201,False,6,0.2080513150289186,0.691481832212998,0.10046685275808337
autoregressive,test_c4_side+1_episode42201_no_switch,42201,False,7,0.20074538863758656,0.704356317302356,0.0948982940600574
autoregressive,test_c4_side+1_episode42201_no_switch,42201,False,8,0.19773390405257163,0.7114968184344859,0.09076927751294246
autoregressive,test_c4_side+1_episode42201_no_switch,42201,False,9,0.19901004705588474,0.7150698936448641,0.08592005929925123
autoregressive,test_c4_side+1_episode42201_no_switch,42201,False,10,0.20100428827930694,0.7160113235829438,0.08298438813774922
autoregressive,test_c4_side+1_episode42201_no_switch,42201,False,11,0.20420315046490545,0.7155151492848232,0.08028170025027136
autoregressive,test_c4_side+1_episode42201_no_switch,42201,False,12,0.2095251667568933,0.713441300703764,0.07703353253934278
autoregressive,test_c4_side+1_episode42201_no_switch,42201,False,13,0.21416481221024952,0.7106442643965234,0.07519092339322715
autoregressive,test_c4_side+1_episode42201_no_switch,42201,False,14,0.21901072067257493,0.7077683411264074,0.07322093820101776
autoregressive,test_c4_side+1_episode42201_no_switch,42201,False,15,0.22275694059409504,0.7046722919891879,0.07257076741671699
autoregressive,test_c4_side+1_episode42201_no_switch,42201,False,16,0.22806921621893808,0.7018448135224422,0.07008597025861979
autoregressive,test_c4_side+1_episode42201_no_switch,42201,False,17,0.22997801860727657,0.6999110801967834,0.07011090119594016
autoregressive,test_c4_side+1_episode42201_no_switch,42201,False,18,0.23237156935553904,0.6978489965379483,0.06977943410651269
autoregressive,test_c4_side+1_episode42201_no_switch,42201,False,19,0.2335778502180296,0.6974025020508534,0.06901964773111695
autoregressive,test_c4_side+1_episode42201_no_switch,42201,False,20,0.23226210245546874,0.6979717906888253,0.06976610685570586
autoregressive,test_c4_side+1_episode42201_no_switch,42201,False,21,0.2301217584544294,0.6993605349927297,0.07051770655284101
autoregressive,test_c4_side+1_episode42201_no_switch,42201,False,22,0.22938223027795426,0.7001515287086504,0.07046624101339544
autoregressive,test_c4_side+1_episode42201_no_switch,42201,False,23,0.22794068623649985,0.7021301425976171,0.06992917116588308
autoregressive,test_c4_side+1_episode42201_no_switch,42201,False,24,0.22528428124344024,0.7041847721046084,0.07053094665195125
autoregressive,test_c4_side+1_episode42201_no_switch,42201,False,25,0.22146065802914094,0.7070904030023945,0.07144893896846453
autoregressive,test_c4_side+1_episode42201_no_switch,42201,False,26,0.2182513705644838,0.7093202823466874,0.07242834708882888
autoregressive,test_c4_side+1_episode42201_no_switch,42201,False,27,0.21399437898413037,0.7124909986606086,0.07351462235526095
autoregressive,test_c4_side+1_episode42201_no_switch,42201,False,28,0.20658374186093711,0.7129412301802751,0.08047502795878772
autoregressive,test_c4_side+1_episode42201_no_switch,42201,False,29,0.19510344682269537,0.710139006723812,0.09475754645349271
autoregressive,test_c4_side+1_episode42201_no_switch,42201,False,30,0.17677969777732125,0.7098120790026514,0.11340822322002737
autoregressive,test_c4_side+1_episode42201_switch_10,42201,True,0,0.3333333333333333,0.3333333333333333,0.3333333333333333
autoregressive,test_c4_side+1_episode42201_switch_10,42201,True,1,0.3417682228235055,0.3536085157432444,0.30462326143324997
autoregressive,test_c4_side+1_episode42201_switch_10,42201,True,2,0.3301571706875518,0.3994500498040229,0.2703927795084253
autoregressive,test_c4_side+1_episode42201_switch_10,42201,True,3,0.29132405741031064,0.5078593267201575,0.20081661586953187
autoregressive,test_c4_side+1_episode42201_switch_10,42201,True,4,0.2642581314184487,0.603574012576394,0.13216785600515737
autoregressive,test_c4_side+1_episode42201_switch_10,42201,True,5,0.23021928543624612,0.6613775044050517,0.10840321015870225
autoregressive,test_c4_side+1_episode42201_switch_10,42201,True,6,0.21302203889008642,0.6881001087700189,0.0988778523398947
autoregressive,test_c4_side+1_episode42201_switch_10,42201,True,7,0.20495374111227338,0.7016041584133746,0.0934421004743519
autoregressive,test_c4_side+1_episode42201_switch_10,42201,True,8,0.20167255759924038,0.7085612482493747,0.08976619415138487
autoregressive,test_c4_side+1_episode42201_switch_10,42201,True,9,0.2025007650244728,0.7118877632947941,0.08561147168073302
autoregressive,test_c4_side+1_episode42201_switch_10,42201,True,10,0.20537880159258254,0.7128148903042731,0.08180630810314432
autoregressive,test_c4_side+1_episode42201_switch_10,42201,True,11,0.11208058404621594,0.6771012808968102,0.21081813505697386
autoregressive,test_c4_side+1_episode42201_switch_10,42201,True,12,0.05951681231854394,0.6008980879794013,0.33958509970205475
autoregressive,test_c4_side+1_episode42201_switch_10,42201,True,13,0.02680176034280624,0.4667756873647311,0.5064225522924626
autoregressive,test_c4_side+1_episode42201_switch_10,42201,True,14,0.009455548462119727,0.22980078553362573,0.7607436660042546
autoregressive,test_c4_side+1_episode42201_switch_10,42201,True,15,0.0019374749821171116,0.04993539841603453,0.9481271266018484
autoregressive,test_c4_side+1_episode42201_switch_10,42201,True,16,0.0005365274653197627,0.0081692438045587,0.9912942287301216
autoregressive,test_c4_side+1_episode42201_switch_10,42201,True,17,0.00017205008192881687,0.002142302611096193,0.997685647306975
autoregressive,test_c4_side+1_episode42201_switch_10,42201,True,18,0.11171805971430797,0.3386855853175419,0.5495963549681502
autoregressive,test_c4_side+1_episode42201_switch_10,42201,True,19,0.9999974528979045,2.54710209537745e-06,2.73812610376633e-17
autoregressive,test_c4_side+1_episode42201_switch_10,42201,True,20,0.08722259354678123,0.0723053949580865,0.8404720114951323
autoregressive,test_c4_side+1_episode42201_switch_10,42201,True,21,4.345481024246689e-06,0.006233056345757517,0.9937625981732182
autoregressive,test_c4_side+1_episode42201_switch_10,42201,True,22,0.6945027385717291,0.004411740340071842,0.30108552108819897
autoregressive,test_c4_side+1_episode42201_switch_10,42201,True,23,2.3247102902420012e-07,0.0009862492256693513,0.9990135183033017
autoregressive,test_c4_side+1_episode42201_switch_10,42201,True,24,1.3453156695579797e-15,1.41585143560877e-07,0.9999998584148551
autoregressive,test_c4_side+1_episode42201_switch_10,42201,True,25,5.18460965420391e-13,3.379584885891164e-09,0.9999999966198967
autoregressive,test_c4_side+1_episode42201_switch_10,42201,True,26,2.816435584574843e-05,3.739278856057888e-05,0.9999344428555937
autoregressive,test_c4_side+1_episode42201_switch_10,42201,True,27,2.584461182658166e-05,0.00023460928036722771,0.9997395461078061
autoregressive,test_c4_side+1_episode42201_switch_10,42201,True,28,0.0005610846454711793,0.005026953095750928,0.9944119622587778
autoregressive,test_c4_side+1_episode42201_switch_10,42201,True,29,0.20679556736228485,0.17461320629259394,0.6185912263451212
autoregressive,test_c4_side+1_episode42201_switch_10,42201,True,30,0.28261401450403095,0.5079491555185336,0.20943682997743562
autoregressive,test_c7_side-1_episode70200_no_switch,70200,False,0,0.3333333333333333,0.3333333333333333,0.3333333333333333
autoregressive,test_c7_side-1_episode70200_no_switch,70200,False,1,0.30062596867016045,0.5457449430741488,0.15362908825569077
autoregressive,test_c7_side-1_episode70200_no_switch,70200,False,2,0.271227896238024,0.5755221486005371,0.15324995516143894
autoregressive,test_c7_side-1_episode70200_no_switch,70200,False,3,0.22517768901423377,0.6627566128806216,0.1120656981051446
autoregressive,test_c7_side-1_episode70200_no_switch,70200,False,4,0.1891028543654434,0.7186277751416699,0.09226937049288673
autoregressive,test_c7_side-1_episode70200_no_switch,70200,False,5,0.17484011920780584,0.7323074891734205,0.09285239161877364
autoregressive,test_c7_side-1_episode70200_no_switch,70200,False,6,0.18195708112861428,0.7131670436712714,0.10487587520011432
autoregressive,test_c7_side-1_episode70200_no_switch,70200,False,7,0.18699806690854734,0.6944833254250542,0.11851860766639843
autoregressive,test_c7_side-1_episode70200_no_switch,70200,False,8,0.19083819087960935,0.6774346447666828,0.13172716435370782
autoregressive,test_c7_side-1_episode70200_no_switch,70200,False,9,0.19376477414057297,0.6617009589617944,0.14453426689763263
autoregressive,test_c7_side-1_episode70200_no_switch,70200,False,10,0.19678160420549817,0.6475936139727517,0.15562478182175007
autoregressive,test_c7_side-1_episode70200_no_switch,70200,False,11,0.19895973135108339,0.6345007152424851,0.16653955340643148
autoregressive,test_c7_side-1_episode70200_no_switch,70200,False,12,0.20192726744809705,0.622571810537878,0.17550092201402506
autoregressive,test_c7_side-1_episode70200_no_switch,70200,False,13,0.20395432193325824,0.6113473921746624,0.18469828589207932
autoregressive,test_c7_side-1_episode70200_no_switch,70200,False,14,0.2062979373055716,0.6011641336933568,0.1925379290010715
autoregressive,test_c7_side-1_episode70200_no_switch,70200,False,15,0.20874130857773332,0.5918495154302934,0.19940917599197325
autoregressive,test_c7_side-1_episode70200_no_switch,70200,False,16,0.2118138936851729,0.5832440450270464,0.2049420612877806
autoregressive,test_c7_side-1_episode70200_no_switch,70200,False,17,0.21564061482330193,0.5757607912504307,0.20859859392626745
autoregressive,test_c7_side-1_episode70200_no_switch,70200,False,18,0.2195296058009442,0.5688752564051454,0.21159513779391037
autoregressive,test_c7_side-1_episode70200_no_switch,70200,False,19,0.22334619733399294,0.5631324307655866,0.21352137190042048
autoregressive,test_c7_side-1_episode70200_no_switch,70200,False,20,0.22688571145248843,0.5584690676495813,0.21464522089793028
autoregressive,test_c7_side-1_episode70200_no_switch,70200,False,21,0.23127251134462057,0.554250970593352,0.21447651806202736
autoregressive,test_c7_side-1_episode70200_no_switch,70200,False,22,0.2359999791038939,0.5503997780234519,0.21360024287265433
autoregressive,test_c7_side-1_episode70200_no_switch,70200,False,23,0.24082738447088756,0.5477630478356802,0.21140956769343217
autoregressive,test_c7_side-1_episode70200_no_switch,70200,False,24,0.24482738142576888,0.5452644992440426,0.20990811933018844
autoregressive,test_c7_side-1_episode70200_no_switch,70200,False,25,0.24311600734788066,0.5547345304253717,0.20214946222674762
autoregressive,test_c7_side-1_episode70200_no_switch,70200,False,26,0.22745933597581272,0.5709257627039647,0.20161490132022272
autoregressive,test_c7_side-1_episode70200_no_switch,70200,False,27,0.2188726578537855,0.5790535271930829,0.20207381495313162
autoregressive,test_c7_side-1_episode70200_no_switch,70200,False,28,0.21318009417210335,0.5837452713566598,0.2030746344712369
autoregressive,test_c7_side-1_episode70200_no_switch,70200,False,29,0.21267315221181654,0.5846239350508964,0.2027029127372872
autoregressive,test_c7_side-1_episode70200_no_switch,70200,False,30,0.21233024380014703,0.5860209130380979,0.20164884316175516
autoregressive,test_c7_side-1_episode70200_switch_10,70200,True,0,0.3333333333333333,0.3333333333333333,0.3333333333333333
autoregressive,test_c7_side-1_episode70200_switch_10,70200,True,1,0.3079296827945437,0.5462899514588474,0.14578036574660894
autoregressive,test_c7_side-1_episode70200_switch_10,70200,True,2,0.2785851548169672,0.5769001219454954,0.14451472323753747
autoregressive,test_c7_side-1_episode70200_switch_10,70200,True,3,0.23039163887775202,0.6628360271707324,0.10677233395151568
autoregressive,test_c7_side-1_episode70200_switch_10,70200,True,4,0.19358344659612461,0.7179379423141342,0.0884786110897413
autoregressive,test_c7_side-1_episode70200_switch_10,70200,True,5,0.17815736259518683,0.7315016009583251,0.09034103644648822
autoregressive,test_c7_side-1_episode70200_switch_10,70200,True,6,0.18601634748057677,0.7120446025054334,0.10193905001398987
autoregressive,test_c7_side-1_episode70200_switch_10,70200,True,7,0.1901168055113484,0.6934479138799181,0.11643528060873341
autoregressive,test_c7_side-1_episode70200_switch_10,70200,True,8,0.19368673870116995,0.6763306143598246,0.12998264693900555
autoregressive,test_c7_side-1_episode70200_switch_10,70200,True,9,0.19584324666839562,0.6611403535558404,0.14301639977576394
autoregressive,test_c7_side-1_episode70200_switch_10,70200,True,10,0.19806057160121507,0.6470787015421675,0.15486072685661748
autoregressive,test_c7_side-1_episode70200_switch_10,70200,True,11,0.10525539789790295,0.6200021425126692,0.274742459589428
autoregressive,test_c7_side-1_episode70200_switch_10,70200,True,12,0.041928145132623294,0.5951435955355381,0.36292825933183864
autoregressive,test_c7_side-1_episode70200_switch_10,70200,True,13,0.007486113141883487,0.48661476492624867,0.5058991219318678
autoregressive,test_c7_side-1_episode70200_switch_10,70200,True,14,0.000615139177666317,0.17010174854956558,0.8292831122727682
autoregressive,test_c7_side-1_episode70200_switch_10,70200,True,15,2.608647324369518e-05,0.011968592245100553,0.9880053212816557
autoregressive,test_c7_side-1_episode70200_switch_10,70200,True,16,1.2339160234123208e-06,0.0004819530349559401,0.9995168130490207
autoregressive,test_c7_side-1_episode70200_switch_10,70200,True,17,4.3968427790187495e-08,3.9917537360935795e-05,0.9999600384942112
autoregressive,test_c7_side-1_episode70200_switch_10,70200,True,18,5.608698352280525e-05,0.9756092024418886,0.024334710574588633
autoregressive,test_c7_side-1_episode70200_switch_10,70200,True,19,0.9336550163704589,0.0663449836294249,1.162357589411641e-13
autoregressive,test_c7_side-1_episode70200_switch_10,70200,True,20,0.9998963297803872,0.00010366882199933469,1.3976134481640877e-09
autoregressive,test_c7_side-1_episode70200_switch_10,70200,True,21,0.9999964812976443,3.518477693254019e-06,2.2466238292985324e-10
autoregressive,test_c7_side-1_episode70200_switch_10,70200,True,22,0.9999919230736247,8.073381556296184e-06,3.544819051677407e-09
autoregressive,test_c7_side-1_episode70200_switch_10,70200,True,23,0.999994298578216,5.701420732175446e-06,1.0517792622131375e-12
autoregressive,test_c7_side-1_episode70200_switch_10,70200,True,24,0.9995018540865543,0.0004980685674619321,7.734598369676707e-08
autoregressive,test_c7_side-1_episode70200_switch_10,70200,True,25,0.9854899491988508,0.013756289580185061,0.0007537612209641846
autoregressive,test_c7_side-1_episode70200_switch_10,70200,True,26,0.9335698228473485,0.05661128463949973,0.009818892513151822
autoregressive,test_c7_side-1_episode70200_switch_10,70200,True,27,0.880461471724601,0.10526536336545611,0.01427316490994285
autoregressive,test_c7_side-1_episode70200_switch_10,70200,True,28,0.11288456064716963,0.34964775999375625,0.5374676793590741
autoregressive,test_c7_side-1_episode70200_switch_10,70200,True,29,0.008749424477927615,0.24158217297326384,0.7496684025488085
autoregressive,test_c7_side-1_episode70200_switch_10,70200,True,30,0.0005050266631786705,0.07072340656529841,0.928771566771523
autoregressive,test_c7_side-1_episode70201_no_switch,70201,False,0,0.3333333333333333,0.3333333333333333,0.3333333333333333
autoregressive,test_c7_side-1_episode70201_no_switch,70201,False,1,0.34466939879808023,0.3522149806398302,0.30311562056208957
autoregressive,test_c7_side-1_episode70201_no_switch,70201,False,2,0.35114010527449396,0.38324356116990443,0.26561633355560166
autoregressive,test_c7_side-1_episode70201_no_switch,70201,False,3,0.3738576763117928,0.4326939100169314,0.1934484136712757
autoregressive,test_c7_side-1_episode70201_no_switch,70201,False,4,0.35112726923885296,0.48988126403311566,0.15899146672803144
autoregressive,test_c7_side-1_episode70201_no_switch,70201,False,5,0.3073831160306337,0.5359350010609709,0.15668188290839535
autoregressive,test_c7_side-1_episode70201_no_switch,70201,False,6,0.2965037872276335,0.5488415311769195,0.15465468159544699
autoregressive,test_c7_side-1_episode70201_no_switch,70201,False,7,0.28566131039327003,0.556338099982969,0.1580005896237609
autoregressive,test_c7_side-1_episode70201_no_switch,70201,False,8,0.27789674817591703,0.5591137988485658,0.16298945297551712
autoregressive,test_c7_side-1_episode70201_no_switch,70201,False,9,0.27162647053427724,0.5597326089496907,0.16864092051603213
autoregressive,test_c7_side-1_episode70201_no_switch,70201,False,10,0.2649810762111021,0.5591879797719362,0.17583094401696164
autoregressive,test_c7_side-1_episode70201_no_switch,70201,False,11,0.25923892073995874,0.5579882097667175,0.18277286949332372
autoregressive,test_c7_side-1_episode70201_no_switch,70201,False,12,0.25406838603150345,0.5560417531589081,0.18988986080958828
autoregressive,test_c7_side-1_episode70201_no_switch,70201,False,13,0.2502229489530855,0.553243125951294,0.19653392509562043
autoregressive,test_c7_side-1_episode70201_no_switch,70201,False,14,0.24766382519637464,0.5504912662603006,0.20184490854332457
autoregressive,test_c7_side-1_episode70201_no_switch,70201,False,15,0.24490035654371872,0.5473727432934805,0.20772690016280068
autoregressive,test_c7_side-1_episode70201_no_switch,70201,False,16,0.2424178461938626,0.5448373800377292,0.21274477376840814
autoregressive,test_c7_side-1_episode70201_no_switch,70201,False,17,0.2399526086249781,0.5420115143584396,0.2180358770165822
autoregressive,test_c7_side-1_episode70201_no_switch,70201,False,18,0.23777393168145503,0.5392521478720623,0.22297392044648268
autoregressive,test_c7_side-1_episode70201_no_switch,70201,False,19,0.23646944981094153,0.536777688872414,0.22675286131664452
autoregressive,test_c7_side-1_episode70201_no_switch,70201,False,20,0.23545774129957717,0.5352321031873208,0.22931015551310208
autoregressive,test_c7_side-1_episode70201_no_switch,70201,False,21,0.2358848849033748,0.5336514751707796,0.23046363992584562
autoregressive,test_c7_side-1_episode70201_no_switch,70201,False,22,0.23478572325547664,0.5330930679391261,0.23212120880539727
autoregressive,test_c7_side-1_episode70201_no_switch,70201,False,23,0.23501502820078946,0.5324617307111963,0.23252324108801437
autoregressive,test_c7_side-1_episode70201_no_switch,70201,False,24,0.23609110564082067,0.5327829820528038,0.2311259123063755
autoregressive,test_c7_side-1_episode70201_no_switch,70201,False,25,0.2364668656041904,0.5333478082953212,0.23018532610048842
autoregressive,test_c7_side-1_episode70201_no_switch,70201,False,26,0.23719581406802684,0.5341471679600258,0.2286570179719475
autoregressive,test_c7_side-1_episode70201_no_switch,70201,False,27,0.23414172850872408,0.5442995947317328,0.2215586767595431
autoregressive,test_c7_side-1_episode70201_no_switch,70201,False,28,0.21719075379342445,0.5601620011679073,0.22264724503866834
autoregressive,test_c7_side-1_episode70201_no_switch,70201,False,29,0.20920448910127762,0.5700476605882241,0.2207478503104984
autoregressive,test_c7_side-1_episode70201_no_switch,70201,False,30,0.20592092271073856,0.5776445344640946,0.2164345428251669
autoregressive,test_c7_side-1_episode70201_switch_10,70201,True,0,0.3333333333333333,0.3333333333333333,0.3333333333333333
autoregressive,test_c7_side-1_episode70201_switch_10,70201,True,1,0.34775703152328136,0.35235930392622133,0.2998836645504973
autoregressive,test_c7_side-1_episode70201_switch_10,70201,True,2,0.35560818478326967,0.3833958998325875,0.2609959153841428
autoregressive,test_c7_side-1_episode70201_switch_10,70201,True,3,0.3754177590559483,0.4318904943642148,0.1926917465798369
autoregressive,test_c7_side-1_episode70201_switch_10,70201,True,4,0.3537274070839648,0.4881064452090179,0.1581661477070174
autoregressive,test_c7_side-1_episode70201_switch_10,70201,True,5,0.3097795444428324,0.5333638366607787,0.15685661889638897
autoregressive,test_c7_side-1_episode70201_switch_10,70201,True,6,0.29795998610440266,0.5468239047455934,0.15521610915000386
autoregressive,test_c7_side-1_episode70201_switch_10,70201,True,7,0.28691092832558224,0.5541406270727367,0.1589484446016812
autoregressive,test_c7_side-1_episode70201_switch_10,70201,True,8,0.27880853722787724,0.5573001368822258,0.16389132588989697
autoregressive,test_c7_side-1_episode70201_switch_10,70201,True,9,0.2721606211790952,0.5581686230384506,0.1696707557824543
autoregressive,test_c7_side-1_episode70201_switch_10,70201,True,10,0.26585233095779615,0.5581033952880698,0.176044273754134
autoregressive,test_c7_side-1_episode70201_switch_10,70201,True,11,0.1285475273834522,0.547955455331919,0.3234970172846287
autoregressive,test_c7_side-1_episode70201_switch_10,70201,True,12,0.044497319262699064,0.5097406504941911,0.44576203024310984
autoregressive,test_c7_side-1_episode70201_switch_10,70201,True,13,0.007008521920675198,0.385402927225218,0.6075885508541068
autoregressive,test_c7_side-1_episode70201_switch_10,70201,True,14,0.0005099967852365075,0.1169047871546711,0.8825852160600923
autoregressive,test_c7_side-1_episode70201_switch_10,70201,True,15,2.069872917262804e-05,0.007613678793812571,0.9923656224770148
autoregressive,test_c7_side-1_episode70201_switch_10,70201,True,16,9.529501381737825e-07,0.00037642819001310025,0.9996226188598488
autoregressive,test_c7_side-1_episode70201_switch_10,70201,True,17,2.6615731410708636e-08,3.102557067848496e-05,0.9999689478135901
autoregressive,test_c7_side-1_episode70201_switch_10,70201,True,18,1.0659676979620295e-05,0.7638626171101501,0.23612672321287023
autoregressive,test_c7_side-1_episode70201_switch_10,70201,True,19,0.7997385850552773,0.20026141494346944,1.2533131335475758e-12
autoregressive,test_c7_side-1_episode70201_switch_10,70201,True,20,0.9999524052823326,4.759471655615977e-05,1.1112523678157277e-12
autoregressive,test_c7_side-1_episode70201_switch_10,70201,True,21,0.9999881049413315,1.1893836574907416e-05,1.222093633695653e-09
autoregressive,test_c7_side-1_episode70201_switch_10,70201,True,22,0.9999665136865592,3.3481390182288104e-05,4.923258423727529e-09
autoregressive,test_c7_side-1_episode70201_switch_10,70201,True,23,0.9998437855872239,0.00015621246901785618,1.943758355804704e-09
autoregressive,test_c7_side-1_episode70201_switch_10,70201,True,24,0.9980426137769225,0.001956830674373765,5.555487037290477e-07
autoregressive,test_c7_side-1_episode70201_switch_10,70201,True,25,0.9994497244675578,0.000550238202296455,3.733014582099069e-08
autoregressive,test_c7_side-1_episode70201_switch_10,70201,True,26,0.9993016724798494,0.0006980127274770667,3.147926736101442e-07
autoregressive,test_c7_side-1_episode70201_switch_10,70201,True,27,0.9638770448375985,0.03223559498974748,0.0038873601726540524
autoregressive,test_c7_side-1_episode70201_switch_10,70201,True,28,0.4882763755762086,0.28048501572590423,0.231238608697887
autoregressive,test_c7_side-1_episode70201_switch_10,70201,True,29,0.2894908249624207,0.5147150974988367,0.19579407753874267
autoregressive,test_c7_side-1_episode70201_switch_10,70201,True,30,0.013218109290739218,0.37361961621219436,0.6131622744970665
autoregressive,test_c7_side+1_episode72200_no_switch,72200,False,0,0.3333333333333333,0.3333333333333333,0.3333333333333333
autoregressive,test_c7_side+1_episode72200_no_switch,72200,False,1,0.3526667759119235,0.35379325617903057,0.29353996790904585
autoregressive,test_c7_side+1_episode72200_no_switch,72200,False,2,0.31801540248402377,0.42139861663168016,0.260585980884296
autoregressive,test_c7_side+1_episode72200_no_switch,72200,False,3,0.2583614602433493,0.5533271360046358,0.18831140375201474
autoregressive,test_c7_side+1_episode72200_no_switch,72200,False,4,0.23203618398124434,0.6503066902381643,0.1176571257805913
autoregressive,test_c7_side+1_episode72200_no_switch,72200,False,5,0.2037548063421415,0.7023891806268376,0.09385601303102087
autoregressive,test_c7_side+1_episode72200_no_switch,72200,False,6,0.1907822974971582,0.7225490320445245,0.08666867045831735
autoregressive,test_c7_side+1_episode72200_no_switch,72200,False,7,0.18803009868953682,0.7289220972741252,0.08304780403633799
autoregressive,test_c7_side+1_episode72200_no_switch,72200,False,8,0.19098241956711315,0.7285537596293435,0.08046382080354339
autoregressive,test_c7_side+1_episode72200_no_switch,72200,False,9,0.19711665613053214,0.7241963195364653,0.07868702433300265
autoregressive,test_c7_side+1_episode72200_no_switch,72200,False,10,0.2049814255057469,0.7181135887040596,0.07690498579019349
autoregressive,test_c7_side+1_episode72200_no_switch,72200,False,11,0.2130395723266007,0.7107159496897413,0.07624447798365809
autoregressive,test_c7_side+1_episode72200_no_switch,72200,False,12,0.22151233632169848,0.7031770032564361,0.07531066042186549
autoregressive,test_c7_side+1_episode72200_no_switch,72200,False,13,0.22895963146225956,0.6959049625168294,0.07513540602091111
autoregressive,test_c7_side+1_episode72200_no_switch,72200,False,14,0.23537199735394163,0.6895269292167,0.07510107342935828
autoregressive,test_c7_side+1_episode72200_no_switch,72200,False,15,0.24104604965301538,0.6848113660251791,0.0741425843218054
autoregressive,test_c7_side+1_episode72200_no_switch,72200,False,16,0.24363513566635395,0.6819044017732029,0.07446046256044314
autoregressive,test_c7_side+1_episode72200_no_switch,72200,False,17,0.24517561580169236,0.6803328642183457,0.0744915199799618
autoregressive,test_c7_side+1_episode72200_no_switch,72200,False,18,0.24518657343936703,0.6805869602373983,0.07422646632323471
autoregressive,test_c7_side+1_episode72200_no_switch,72200,False,19,0.24444676580089097,0.6807696799125758,0.07478355428653323
autoregressive,test_c7_side+1_episode72200_no_switch,72200,False,20,0.24209352626545388,0.6838486377322105,0.07405783600233559
autoregressive,test_c7_side+1_episode72200_no_switch,72200,False,21,0.23711365687485386,0.6882874872550868,0.07459885587005924
autoregressive,test_c7_side+1_episode72200_no_switch,72200,False,22,0.2295376110708977,0.6955108832167664,0.07495150571233586
autoregressive,test_c7_side+1_episode72200_no_switch,72200,False,23,0.21871472460621702,0.70553213541612,0.07575313997766298
autoregressive,test_c7_side+1_episode72200_no_switch,72200,False,24,0.2073298275485267,0.7173132868547508,0.07535688559672252
autoregressive,test_c7_side+1_episode72200_no_switch,72200,False,25,0.195278816998024,0.7305124434777683,0.07420873952420755
autoregressive,test_c7_side+1_episode72200_no_switch,72200,False,26,0.18785392706987025,0.7405818279129648,0.07156424501716489
autoregressive,test_c7_side+1_episode72200_no_switch,72200,False,27,0.17974638668648962,0.7508479456353911,0.06940566767811925
autoregressive,test_c7_side+1_episode72200_no_switch,72200,False,28,0.17394137655811875,0.755106830501088,0.07095179294079335
autoregressive,test_c7_side+1_episode72200_no_switch,72200,False,29,0.16949270503344196,0.7514751703270245,0.0790321246395335
autoregressive,test_c7_side+1_episode72200_no_switch,72200,False,30,0.15860039211558677,0.7476501311115471,0.09374947677286605
autoregressive,test_c7_side+1_episode72200_switch_10,72200,True,0,0.3333333333333333,0.3333333333333333,0.3333333333333333
autoregressive,test_c7_side+1_episode72200_switch_10,72200,True,1,0.34812250315897364,0.35309646711024606,0.2987810297307803
autoregressive,test_c7_side+1_episode72200_switch_10,72200,True,2,0.3155930681693989,0.4187446800362833,0.2656622517943178
autoregressive,test_c7_side+1_episode72200_switch_10,72200,True,3,0.26121182892823097,0.5507024640295523,0.1880857070422167
autoregressive,test_c7_side+1_episode72200_switch_10,72200,True,4,0.23721192308752811,0.6463040495304433,0.11648402738202848
autoregressive,test_c7_side+1_episode72200_switch_10,72200,True,5,0.2086610668872503,0.6990165028357663,0.09232243027698338
autoregressive,test_c7_side+1_episode72200_switch_10,72200,True,6,0.19631892522773525,0.7192328271492726,0.08444824762299212
autoregressive,test_c7_side+1_episode72200_switch_10,72200,True,7,0.19339810825012083,0.7257054224658757,0.08089646928400356
autoregressive,test_c7_side+1_episode72200_switch_10,72200,True,8,0.19631963167582325,0.7256066380596738,0.07807373026450289
autoregressive,test_c7_side+1_episode72200_switch_10,72200,True,9,0.2011464849585192,0.721580810037966,0.07727270500351476
autoregressive,test_c7_side+1_episode72200_switch_10,72200,True,10,0.20830507828282224,0.7154905100644977,0.07620441165268013
autoregressive,test_c7_side+1_episode72200_switch_10,72200,True,11,0.1463565518269902,0.6843636889082823,0.1692797592647276
autoregressive,test_c7_side+1_episode72200_switch_10,72200,True,12,0.11049237877992417,0.6548122149094483,0.23469540631062755
autoregressive,test_c7_side+1_episode72200_switch_10,72200,True,13,0.08220849513928279,0.6165634869442379,0.3012280179164793
autoregressive,test_c7_side+1_episode72200_switch_10,72200,True,14,0.05948717143345023,0.5425361170888422,0.3979767114777076
autoregressive,test_c7_side+1_episode72200_switch_10,72200,True,15,0.035860484547496546,0.41844726990183573,0.5456922455506678
autoregressive,test_c7_side+1_episode72200_switch_10,72200,True,16,0.01935913358218809,0.29511872153078356,0.6855221448870283
autoregressive,test_c7_side+1_episode72200_switch_10,72200,True,17,0.00928714274753405,0.17810702556344968,0.8126058316890162
autoregressive,test_c7_side+1_episode72200_switch_10,72200,True,18,0.004519130591287403,0.08765027439271823,0.9078305950159945
autoregressive,test_c7_side+1_episode72200_switch_10,72200,True,19,0.9999418635469282,5.8136453057527936e-05,1.4255168762491118e-14
autoregressive,test_c7_side+1_episode72200_switch_10,72200,True,20,6.110924102319755e-05,0.002125513862076589,0.9978133768969002
autoregressive,test_c7_side+1_episode72200_switch_10,72200,True,21,2.6821686099732437e-05,0.0054596972729968616,0.9945134810409033
autoregressive,test_c7_side+1_episode72200_switch_10,72200,True,22,0.013825096149247564,0.00017968701975516012,0.9859952168309973
autoregressive,test_c7_side+1_episode72200_switch_10,72200,True,23,4.964551187065349e-08,0.00043974899733967125,0.9995602013571484
autoregressive,test_c7_side+1_episode72200_switch_10,72200,True,24,1.0273810514922363e-14,1.7598695586102055e-07,0.9999998240130338
autoregressive,test_c7_side+1_episode72200_switch_10,72200,True,25,3.1696329504397e-13,1.8059546478090643e-08,0.9999999819401365
autoregressive,test_c7_side+1_episode72200_switch_10,72200,True,26,3.5878553581566135e-06,1.9588354753507372e-05,0.9999768237898883
autoregressive,test_c7_side+1_episode72200_switch_10,72200,True,27,2.5613740052743554e-06,0.00014939932173310967,0.9998480393042616
autoregressive,test_c7_side+1_episode72200_switch_10,72200,True,28,0.001849881822584012,0.013466666213828875,0.9846834519635871
autoregressive,test_c7_side+1_episode72200_switch_10,72200,True,29,0.0003509732776243351,0.011993962682654173,0.9876550640397215
autoregressive,test_c7_side+1_episode72200_switch_10,72200,True,30,0.016563879053984976,0.07878387480051087,0.9046522461455042
autoregressive,test_c7_side+1_episode72201_no_switch,72201,False,0,0.3333333333333333,0.3333333333333333,0.3333333333333333
autoregressive,test_c7_side+1_episode72201_no_switch,72201,False,1,0.32054075242820834,0.3819147764869707,0.297544471084821
autoregressive,test_c7_side+1_episode72201_no_switch,72201,False,2,0.31019250864233744,0.4468359625097991,0.2429715288478634
autoregressive,test_c7_side+1_episode72201_no_switch,72201,False,3,0.27260383521599896,0.5525475565074788,0.17484860827652215
autoregressive,test_c7_side+1_episode72201_no_switch,72201,False,4,0.256535352770888,0.6326818394254035,0.11078280780370847
autoregressive,test_c7_side+1_episode72201_no_switch,72201,False,5,0.22286157293327094,0.6843552991833873,0.0927831278833417
autoregressive,test_c7_side+1_episode72201_no_switch,72201,False,6,0.20250978107536946,0.7104917831117077,0.08699843581292281
autoregressive,test_c7_side+1_episode72201_no_switch,72201,False,7,0.19449175183998801,0.722295729025421,0.08321251913459098
autoregressive,test_c7_side+1_episode72201_no_switch,72201,False,8,0.19101240230614366,0.7271721959620079,0.0818154017318484
autoregressive,test_c7_side+1_episode72201_no_switch,72201,False,9,0.19249921476034992,0.7270269181551642,0.08047386708448592
autoregressive,test_c7_side+1_episode72201_no_switch,72201,False,10,0.1972865541979136,0.7239538777192954,0.0787595680827909
autoregressive,test_c7_side+1_episode72201_no_switch,72201,False,11,0.20266674408626817,0.7189400929277399,0.078393162985992
autoregressive,test_c7_side+1_episode72201_no_switch,72201,False,12,0.20983037782588337,0.7129790327052107,0.07719058946890599
autoregressive,test_c7_side+1_episode72201_no_switch,72201,False,13,0.21733001524337137,0.7058818307441608,0.0767881540124679
autoregressive,test_c7_side+1_episode72201_no_switch,72201,False,14,0.22320086092639596,0.69895190391697,0.07784723515663408
autoregressive,test_c7_side+1_episode72201_no_switch,72201,False,15,0.22863331979432672,0.6941831072360098,0.07718357296966348
autoregressive,test_c7_side+1_episode72201_no_switch,72201,False,16,0.23417610154448387,0.6890298688673849,0.07679402958813128
autoregressive,test_c7_side+1_episode72201_no_switch,72201,False,17,0.23791189103056093,0.6848248254730382,0.07726328349640088
autoregressive,test_c7_side+1_episode72201_no_switch,72201,False,18,0.2404622012428609,0.6826180112255383,0.07691978753160086
autoregressive,test_c7_side+1_episode72201_no_switch,72201,False,19,0.24161365409793656,0.6832786092858221,0.07510773661624136
autoregressive,test_c7_side+1_episode72201_no_switch,72201,False,20,0.241706294077047,0.6843135740462749,0.07398013187667815
autoregressive,test_c7_side+1_episode72201_no_switch,72201,False,21,0.24060505734937448,0.6872134096329193,0.07218153301770622
autoregressive,test_c7_side+1_episode72201_no_switch,72201,False,22,0.2384922787247668,0.6895497291581859,0.07195799211704709
autoregressive,test_c7_side+1_episode72201_no_switch,72201,False,23,0.23491911591534603,0.6935970987415323,0.0714837853431217
autoregressive,test_c7_side+1_episode72201_no_switch,72201,False,24,0.22826332351787318,0.7002739837994558,0.07146269268267086
autoregressive,test_c7_side+1_episode72201_no_switch,72201,False,25,0.22097296463626728,0.7078865491174307,0.0711404862463022
autoregressive,test_c7_side+1_episode72201_no_switch,72201,False,26,0.2125877298116462,0.7177372308704953,0.06967503931785832
autoregressive,test_c7_side+1_episode72201_no_switch,72201,False,27,0.20829997634552558,0.722845331725448,0.06885469192902645
autoregressive,test_c7_side+1_episode72201_no_switch,72201,False,28,0.2016969293567849,0.7297652398532946,0.06853783078992055
autoregressive,test_c7_side+1_episode72201_no_switch,72201,False,29,0.19592622700511236,0.7336745912323804,0.07039918176250724
autoregressive,test_c7_side+1_episode72201_no_switch,72201,False,30,0.1880396268756525,0.7303305318878821,0.0816298412364653
autoregressive,test_c7_side+1_episode72201_switch_10,72201,True,0,0.3333333333333333,0.3333333333333333,0.3333333333333333
autoregressive,test_c7_side+1_episode72201_switch_10,72201,True,1,0.31930581898605553,0.3830865963919191,0.29760758462202536
autoregressive,test_c7_side+1_episode72201_switch_10,72201,True,2,0.3093754302302045,0.44787492513554,0.24274964463425538
autoregressive,test_c7_side+1_episode72201_switch_10,72201,True,3,0.27057535009302713,0.5518976962941606,0.1775269536128123
autoregressive,test_c7_side+1_episode72201_switch_10,72201,True,4,0.25728785959935385,0.6319949073976417,0.1107172330030045
autoregressive,test_c7_side+1_episode72201_switch_10,72201,True,5,0.22244883570984447,0.6837835195807856,0.09376764470936977
autoregressive,test_c7_side+1_episode72201_switch_10,72201,True,6,0.20490712368469494,0.7093362488156864,0.08575662749961871
autoregressive,test_c7_side+1_episode72201_switch_10,72201,True,7,0.19526288334841885,0.721781233655064,0.08295588299651717
autoregressive,test_c7_side+1_episode72201_switch_10,72201,True,8,0.1923772987502213,0.7264351385901261,0.08118756265965271
autoregressive,test_c7_side+1_episode72201_switch_10,72201,True,9,0.19408188489575956,0.7263118239360999,0.07960629116814051
autoregressive,test_c7_side+1_episode72201_switch_10,72201,True,10,0.19798423165036816,0.7233684374307313,0.07864733091890068
autoregressive,test_c7_side+1_episode72201_switch_10,72201,True,11,0.13322052995770137,0.6910147699507414,0.17576470009155737
autoregressive,test_c7_side+1_episode72201_switch_10,72201,True,12,0.09378160534357129,0.6490566565565031,0.25716173809992543
autoregressive,test_c7_side+1_episode72201_switch_10,72201,True,13,0.06381658577968649,0.5908565928479386,0.3453268213723751
autoregressive,test_c7_side+1_episode72201_switch_10,72201,True,14,0.04125217477862972,0.47802023024838675,0.4807275949729836
autoregressive,test_c7_side+1_episode72201_switch_10,72201,True,15,0.020634530237810474,0.3051916174704431,0.6741738522917463
autoregressive,test_c7_side+1_episode72201_switch_10,72201,True,16,0.009903962208829149,0.1681262528370511,0.8219697849541198
autoregressive,test_c7_side+1_episode72201_switch_10,72201,True,17,0.004890077372294159,0.07928570735781615,0.9158242152698897
autoregressive,test_c7_side+1_episode72201_switch_10,72201,True,18,0.0022857156066741773,0.031855656742620156,0.9658586276507055
autoregressive,test_c7_side+1_episode72201_switch_10,72201,True,19,0.9999968820774389,3.1179225611197415e-06,1.702167836910466e-17
autoregressive,test_c7_side+1_episode72201_switch_10,72201,True,20,0.0007826861729508838,0.007790457347611194,0.9914268564794378
autoregressive,test_c7_side+1_episode72201_switch_10,72201,True,21,4.096944544991879e-05,0.007051430791613894,0.9929075997629361
autoregressive,test_c7_side+1_episode72201_switch_10,72201,True,22,0.011825936707520851,0.0007613578786203434,0.9874127054138588
autoregressive,test_c7_side+1_episode72201_switch_10,72201,True,23,2.8757223249979465e-09,0.00021423646679501375,0.9997857606574826
autoregressive,test_c7_side+1_episode72201_switch_10,72201,True,24,1.1111991855927252e-15,7.159512309963851e-08,0.9999999284048758
autoregressive,test_c7_side+1_episode72201_switch_10,72201,True,25,5.542266270070792e-14,9.296404852014215e-09,0.9999999907035397
autoregressive,test_c7_side+1_episode72201_switch_10,72201,True,26,3.9074230648122166e-08,2.9082436609070723e-06,0.9999970526821084
autoregressive,test_c7_side+1_episode72201_switch_10,72201,True,27,2.1287062744220848e-07,6.924004716248745e-05,0.99993054708221
autoregressive,test_c7_side+1_episode72201_switch_10,72201,True,28,7.921695478880038e-07,0.0004966605909089302,0.9995025472395432
autoregressive,test_c7_side+1_episode72201_switch_10,72201,True,29,0.0023990976471572473,0.03788572095731912,0.9597151813955236
autoregressive,test_c7_side+1_episode72201_switch_10,72201,True,30,0.001980300690938255,0.056594076774113114,0.9414256225349487
cvae,test_c1_side-1_episode10200_no_switch,10200,False,0,0.3333333333333333,0.3333333333333333,0.3333333333333333
cvae,test_c1_side-1_episode10200_no_switch,10200,False,1,0.001165103029584215,0.996515633087707,0.0023192638827088156
cvae,test_c1_side-1_episode10200_no_switch,10200,False,2,0.0003761519073203308,0.9988177783137289,0.0008060697789507846
cvae,test_c1_side-1_episode10200_no_switch,10200,False,3,0.0022538848248068928,0.9946799472331748,0.003066167942018359
cvae,test_c1_side-1_episode10200_no_switch,10200,False,4,0.012808799541420777,0.9801212851906913,0.007069915267888019
cvae,test_c1_side-1_episode10200_no_switch,10200,False,5,0.011096881978301994,0.9765372265927925,0.012365891428905458
cvae,test_c1_side-1_episode10200_no_switch,10200,False,6,0.027282191504814337,0.949202238813625,0.02351556968156066
cvae,test_c1_side-1_episode10200_no_switch,10200,False,7,0.04164681124597762,0.9171372504081695,0.041215938345852896
cvae,test_c1_side-1_episode10200_no_switch,10200,False,8,0.0541733519061615,0.8858176356009257,0.06000901249291284
cvae,test_c1_side-1_episode10200_no_switch,10200,False,9,0.0646217874268693,0.8592012768241928,0.07617693574893786
cvae,test_c1_side-1_episode10200_no_switch,10200,False,10,0.07271633780025043,0.83559599429917,0.09168766790057961
cvae,test_c1_side-1_episode10200_no_switch,10200,False,11,0.08041804117896996,0.8105551250218263,0.10902683379920375
cvae,test_c1_side-1_episode10200_no_switch,10200,False,12,0.08450125522219717,0.7929858537581231,0.12251289101967963
cvae,test_c1_side-1_episode10200_no_switch,10200,False,13,0.08336701559821194,0.7811816648874245,0.13545131951436354
cvae,test_c1_side-1_episode10200_no_switch,10200,False,14,0.08503523089311636,0.7694324914218594,0.14553227768502414
cvae,test_c1_side-1_episode10200_no_switch,10200,False,15,0.08091837955739326,0.7692451142811709,0.14983650616143593
cvae,test_c1_side-1_episode10200_no_switch,10200,False,16,0.0829070574834033,0.7694503328385213,0.1476426096780754
cvae,test_c1_side-1_episode10200_no_switch,10200,False,17,0.0825952027515407,0.7779001119543262,0.13950468529413318
cvae,test_c1_side-1_episode10200_no_switch,10200,False,18,0.08141209432157029,0.7900835366217309,0.12850436905669882
cvae,test_c1_side-1_episode10200_no_switch,10200,False,19,0.08063294716315447,0.8071020918519496,0.11226496098489594
cvae,test_c1_side-1_episode10200_no_switch,10200,False,20,0.08070585901521203,0.8231210428715129,0.09617309811327511
cvae,test_c1_side-1_episode10200_no_switch,10200,False,21,0.08138443680648574,0.8478783928881961,0.07073717030531824
cvae,test_c1_side-1_episode10200_no_switch,10200,False,22,0.08407228935289474,0.8615756804074287,0.05435203023967651
cvae,test_c1_side-1_episode10200_no_switch,10200,False,23,0.09088255598138262,0.8720667413650289,0.03705070265358847
cvae,test_c1_side-1_episode10200_no_switch,10200,False,24,0.10453608145736586,0.8697742510715942,0.02568966747103994
cvae,test_c1_side-1_episode10200_no_switch,10200,False,25,0.1192406256290816,0.8623179767591701,0.018441397611748237
cvae,test_c1_side-1_episode10200_no_switch,10200,False,26,0.14050275007411872,0.8421165509690804,0.017380698956800906
cvae,test_c1_side-1_episode10200_no_switch,10200,False,27,0.1559643507985878,0.8211973191933513,0.022838330008060827
cvae,test_c1_side-1_episode10200_no_switch,10200,False,28,0.1693640649149781,0.809014921323123,0.021621013761898896
cvae,test_c1_side-1_episode10200_no_switch,10200,False,29,0.18153677688722972,0.8044712498061076,0.013991973306662651
cvae,test_c1_side-1_episode10200_no_switch,10200,False,30,0.20224163106158258,0.7858053781575949,0.01195299078082243
cvae,test_c1_side-1_episode10200_switch_10,10200,True,0,0.3333333333333333,0.3333333333333333,0.3333333333333333
cvae,test_c1_side-1_episode10200_switch_10,10200,True,1,0.0010782566690641531,0.9968950198363599,0.0020267234945760557
cvae,test_c1_side-1_episode10200_switch_10,10200,True,2,0.0003672195235026528,0.998881679183247,0.0007511012932503114
cvae,test_c1_side-1_episode10200_switch_10,10200,True,3,0.002036290077672774,0.9949554718920259,0.003008238030301301
cvae,test_c1_side-1_episode10200_switch_10,10200,True,4,0.011336837958902456,0.9812720341938971,0.0073911278472004694
cvae,test_c1_side-1_episode10200_switch_10,10200,True,5,0.010452516440656872,0.9766722578736905,0.012875225685652669
cvae,test_c1_side-1_episode10200_switch_10,10200,True,6,0.026039556866334128,0.9505369396537129,0.023423503479953003
cvae,test_c1_side-1_episode10200_switch_10,10200,True,7,0.04091127657161014,0.918967311288159,0.0401214121402308
cvae,test_c1_side-1_episode10200_switch_10,10200,True,8,0.05389432672990729,0.8875012516567209,0.058604421613371795
cvae,test_c1_side-1_episode10200_switch_10,10200,True,9,0.06271023687450718,0.8607243568770792,0.07656540624841358
cvae,test_c1_side-1_episode10200_switch_10,10200,True,10,0.07232176844967578,0.8345881236624643,0.09309010788785994
cvae,test_c1_side-1_episode10200_switch_10,10200,True,11,0.01020704726181485,0.7467069284341078,0.2430860243040774
cvae,test_c1_side-1_episode10200_switch_10,10200,True,12,0.0007248812635373233,0.7000430761907507,0.29923204254571195
cvae,test_c1_side-1_episode10200_switch_10,10200,True,13,2.783214163454292e-05,0.4679619905641957,0.5320101772941697
cvae,test_c1_side-1_episode10200_switch_10,10200,True,14,1.0268858809049912e-07,0.038373819723870085,0.9616260775875419
cvae,test_c1_side-1_episode10200_switch_10,10200,True,15,1.87425457450323e-11,9.22897516159303e-05,0.9999077102296415
cvae,test_c1_side-1_episode10200_switch_10,10200,True,16,4.0193768685712254e-15,3.369828249934914e-06,0.999996630171746
cvae,test_c1_side-1_episode10200_switch_10,10200,True,17,5.425654741709579e-20,2.8760514611516163e-08,0.9999999712394854
cvae,test_c1_side-1_episode10200_switch_10,10200,True,18,2.1891177374019867e-39,2.4846600720018487e-13,0.9999999999997515
cvae,test_c1_side-1_episode10200_switch_10,10200,True,19,2.223124913885463e-19,0.9999999999999751,2.4895872384768397e-14
cvae,test_c1_side-1_episode10200_switch_10,10200,True,20,1.0235370134745792e-11,0.9993990172067505,0.0006009827830140639
cvae,test_c1_side-1_episode10200_switch_10,10200,True,21,1.965087369555777e-05,0.9999803491263044,1.193410755029808e-17
cvae,test_c1_side-1_episode10200_switch_10,10200,True,22,0.9999960841983401,3.915801659962954e-06,7.444533178624957e-37
cvae,test_c1_side-1_episode10200_switch_10,10200,True,23,0.9999986775422489,1.3224577511771334e-06,1.4512825834722975e-29
cvae,test_c1_side-1_episode10200_switch_10,10200,True,24,0.4293929139079031,0.5706070860920806,1.6337552851035222e-14
cvae,test_c1_side-1_episode10200_switch_10,10200,True,25,0.9436801883931792,0.056319811606820765,1.819320914005704e-17
cvae,test_c1_side-1_episode10200_switch_10,10200,True,26,0.9999913499299651,8.65007003495491e-06,1.975853627184979e-21
cvae,test_c1_side-1_episode10200_switch_10,10200,True,27,0.9999999930548122,6.94518773673414e-09,2.081923399261533e-24
cvae,test_c1_side-1_episode10200_switch_10,10200,True,28,0.9999995019746727,4.980253273216482e-07,2.225892625486425e-18
cvae,test_c1_side-1_episode10200_switch_10,10200,True,29,0.9999983620234713,1.637976509029082e-06,1.9762816510486524e-14
cvae,test_c1_side-1_episode10200_switch_10,10200,True,30,0.9999887972669838,1.1202715645506743e-05,1.7370720109647953e-11
cvae,test_c1_side-1_episode10201_no_switch,10201,False,0,0.3333333333333333,0.3333333333333333,0.3333333333333333
cvae,test_c1_side-1_episode10201_no_switch,10201,False,1,0.0013300022316662938,0.99657185574522,0.002098142023113769
cvae,test_c1_side-1_episode10201_no_switch,10201,False,2,0.0008972944260771817,0.9979913936321057,0.0011113119418171217
cvae,test_c1_side-1_episode10201_no_switch,10201,False,3,0.0022914785040633752,0.9941670513636068,0.003541470132329851
cvae,test_c1_side-1_episode10201_no_switch,10201,False,4,0.008970208841705875,0.9863273256611417,0.00470246549715248
cvae,test_c1_side-1_episode10201_no_switch,10201,False,5,0.008043178147970145,0.9842419948867813,0.007714826965248426
cvae,test_c1_side-1_episode10201_no_switch,10201,False,6,0.023382220097212643,0.9545635391597643,0.02205424074302304
cvae,test_c1_side-1_episode10201_no_switch,10201,False,7,0.036488208028400804,0.9193041605516207,0.044207631419978466
cvae,test_c1_side-1_episode10201_no_switch,10201,False,8,0.04637992833484065,0.8876689555386073,0.06595111612655202
cvae,test_c1_side-1_episode10201_no_switch,10201,False,9,0.05493520910168683,0.857816263285594,0.08724852761271927
cvae,test_c1_side-1_episode10201_no_switch,10201,False,10,0.06164822402617746,0.8291739457777249,0.1091778301960976
cvae,test_c1_side-1_episode10201_no_switch,10201,False,11,0.067479724912462,0.8031242699835321,0.12939600510400584
cvae,test_c1_side-1_episode10201_no_switch,10201,False,12,0.06988447277842014,0.7841590480210889,0.14595647920049082
cvae,test_c1_side-1_episode10201_no_switch,10201,False,13,0.0755455939708649,0.7644643798702165,0.15999002615891858
cvae,test_c1_side-1_episode10201_no_switch,10201,False,14,0.07479518947073957,0.7548728466170439,0.17033196391221647
cvae,test_c1_side-1_episode10201_no_switch,10201,False,15,0.08080671276629678,0.7442529564562149,0.1749403307774883
cvae,test_c1_side-1_episode10201_no_switch,10201,False,16,0.08176393851299645,0.7517316010476428,0.16650446043936065
cvae,test_c1_side-1_episode10201_no_switch,10201,False,17,0.08703740327644706,0.7661869053789745,0.14677569134457855
cvae,test_c1_side-1_episode10201_no_switch,10201,False,18,0.09044941948054923,0.7919356577972997,0.11761492272215104
cvae,test_c1_side-1_episode10201_no_switch,10201,False,19,0.09702279452296245,0.8132152405086649,0.08976196496837259
cvae,test_c1_side-1_episode10201_no_switch,10201,False,20,0.09630807410665912,0.8400055462135426,0.06368637967979808
cvae,test_c1_side-1_episode10201_no_switch,10201,False,21,0.10289911491814126,0.8530312606816035,0.04406962440025517
cvae,test_c1_side-1_episode10201_no_switch,10201,False,22,0.11261403562592832,0.8577095759416707,0.029676388432401012
cvae,test_c1_side-1_episode10201_no_switch,10201,False,23,0.12622142568894396,0.8566329599431498,0.017145614367906244
cvae,test_c1_side-1_episode10201_no_switch,10201,False,24,0.13508887341072273,0.8480515316854675,0.01685959490380971
cvae,test_c1_side-1_episode10201_no_switch,10201,False,25,0.1454105849485541,0.8324770430082625,0.022112372043183358
cvae,test_c1_side-1_episode10201_no_switch,10201,False,26,0.14327953003241806,0.8282571224798164,0.028463347487765567
cvae,test_c1_side-1_episode10201_no_switch,10201,False,27,0.15129124154578658,0.8274214433028894,0.02128731515132417
cvae,test_c1_side-1_episode10201_no_switch,10201,False,28,0.1701663871086705,0.8138008068574357,0.01603280603389385
cvae,test_c1_side-1_episode10201_no_switch,10201,False,29,0.2012670733726359,0.7838625279759831,0.014870398651380895
cvae,test_c1_side-1_episode10201_no_switch,10201,False,30,0.23091083174965682,0.7485494334395869,0.020539734810756237
cvae,test_c1_side-1_episode10201_switch_10,10201,True,0,0.3333333333333333,0.3333333333333333,0.3333333333333333
cvae,test_c1_side-1_episode10201_switch_10,10201,True,1,0.0016461604948629538,0.9963043936463435,0.0020494458587935215
cvae,test_c1_side-1_episode10201_switch_10,10201,True,2,0.0011101855799536798,0.9977192219052256,0.0011705925148206974
cvae,test_c1_side-1_episode10201_switch_10,10201,True,3,0.00228595800157684,0.9943306977171368,0.0033833442812863856
cvae,test_c1_side-1_episode10201_switch_10,10201,True,4,0.009700631788308227,0.986387459809742,0.003911908401949752
cvae,test_c1_side-1_episode10201_switch_10,10201,True,5,0.007523769179195697,0.9842796615421127,0.008196569278691569
cvae,test_c1_side-1_episode10201_switch_10,10201,True,6,0.020860119649120937,0.9570385109468265,0.02210136940405251
cvae,test_c1_side-1_episode10201_switch_10,10201,True,7,0.03451059561553906,0.9213548369985225,0.044134567385938496
cvae,test_c1_side-1_episode10201_switch_10,10201,True,8,0.04629568781634527,0.8881134740172865,0.06559083816636835
cvae,test_c1_side-1_episode10201_switch_10,10201,True,9,0.053737481524973846,0.8593404452515494,0.08692207322347678
cvae,test_c1_side-1_episode10201_switch_10,10201,True,10,0.058412089996603654,0.8347625101949548,0.10682539980844165
cvae,test_c1_side-1_episode10201_switch_10,10201,True,11,0.00687665986042451,0.7235215209123674,0.2696018192272081
cvae,test_c1_side-1_episode10201_switch_10,10201,True,12,0.0005169235302925016,0.6327473581416049,0.3667357183281026
cvae,test_c1_side-1_episode10201_switch_10,10201,True,13,2.2605600954329846e-05,0.399658928684075,0.6003184657149706
cvae,test_c1_side-1_episode10201_switch_10,10201,True,14,1.694109852810704e-07,0.04070085481902648,0.9592989757699883
cvae,test_c1_side-1_episode10201_switch_10,10201,True,15,7.121186315125119e-11,0.00018457018287212584,0.9998154297459161
cvae,test_c1_side-1_episode10201_switch_10,10201,True,16,2.865552881815e-14,8.84585107229966e-06,0.9999911541488989
cvae,test_c1_side-1_episode10201_switch_10,10201,True,17,1.7938929693805713e-18,1.4083592472711465e-07,0.9999998591640752
cvae,test_c1_side-1_episode10201_switch_10,10201,True,18,3.1352854855483643e-37,1.2094143163178045e-14,0.999999999999988
cvae,test_c1_side-1_episode10201_switch_10,10201,True,19,3.958257866987127e-29,0.9996767787076327,0.0003232212923672783
cvae,test_c1_side-1_episode10201_switch_10,10201,True,20,2.3039031722511967e-10,0.9845373204879189,0.015462679281690947
cvae,test_c1_side-1_episode10201_switch_10,10201,True,21,8.438164416569753e-11,0.9998323905453216,0.0001676093702967583
cvae,test_c1_side-1_episode10201_switch_10,10201,True,22,0.4748163760655862,0.5251836239344138,5.52444273761741e-19
cvae,test_c1_side-1_episode10201_switch_10,10201,True,23,0.9975304799898822,0.002469520010117847,1.590920584805703e-22
cvae,test_c1_side-1_episode10201_switch_10,10201,True,24,0.12864020730575684,0.8713597926446179,4.962519698669476e-11
cvae,test_c1_side-1_episode10201_switch_10,10201,True,25,4.040136682595894e-05,0.9999595943939042,4.239269740964313e-09
cvae,test_c1_side-1_episode10201_switch_10,10201,True,26,0.6997952178047211,0.3002047821952788,1.2009866004214444e-16
cvae,test_c1_side-1_episode10201_switch_10,10201,True,27,0.9976240129581567,0.002375987041836299,6.995357376095993e-15
cvae,test_c1_side-1_episode10201_switch_10,10201,True,28,0.9999998208293082,1.7917069174277293e-07,6.818792871321908e-19
cvae,test_c1_side-1_episode10201_switch_10,10201,True,29,0.999999496239747,5.037602249673149e-07,2.7929661886181408e-14
cvae,test_c1_side-1_episode10201_switch_10,10201,True,30,0.9999936922110397,6.30778629722669e-06,2.6630834885918138e-12
cvae,test_c1_side+1_episode12200_no_switch,12200,False,0,0.3333333333333333,0.3333333333333333,0.3333333333333333
cvae,test_c1_side+1_episode12200_no_switch,12200,False,1,0.001798782115965849,0.9961706061427023,0.0020306117413319822
cvae,test_c1_side+1_episode12200_no_switch,12200,False,2,0.001174952321379556,0.99726734080104,0.0015577068775805545
cvae,test_c1_side+1_episode12200_no_switch,12200,False,3,0.0014597562064370038,0.9929645206291055,0.00557572316445759
cvae,test_c1_side+1_episode12200_no_switch,12200,False,4,0.008177818117838052,0.9877026786027647,0.004119503279397297
cvae,test_c1_side+1_episode12200_no_switch,12200,False,5,0.011450293796754359,0.9798100340163605,0.008739672186885206
cvae,test_c1_side+1_episode12200_no_switch,12200,False,6,0.02621757029371556,0.9525498718294821,0.021232557876802297
cvae,test_c1_side+1_episode12200_no_switch,12200,False,7,0.04063467529539135,0.9287521080956839,0.030613216608924687
cvae,test_c1_side+1_episode12200_no_switch,12200,False,8,0.05201252872516601,0.9119552947292916,0.036032176545542235
cvae,test_c1_side+1_episode12200_no_switch,12200,False,9,0.06086812487650721,0.8984246699570447,0.04070720516644807
cvae,test_c1_side+1_episode12200_no_switch,12200,False,10,0.06933954543958953,0.8875445192904172,0.04311593526999329
cvae,test_c1_side+1_episode12200_no_switch,12200,False,11,0.07433647139392882,0.8797800045269154,0.045883524079155705
cvae,test_c1_side+1_episode12200_no_switch,12200,False,12,0.0765014939141402,0.8753553127964206,0.048143193289439175
cvae,test_c1_side+1_episode12200_no_switch,12200,False,13,0.07805364358270057,0.8725000563718192,0.04944630004548036
cvae,test_c1_side+1_episode12200_no_switch,12200,False,14,0.07786174196976307,0.8718680599507753,0.050270198079461675
cvae,test_c1_side+1_episode12200_no_switch,12200,False,15,0.07893781494888252,0.8703165142243019,0.050745670826815525
cvae,test_c1_side+1_episode12200_no_switch,12200,False,16,0.07889520160980543,0.8701358946627878,0.05096890372740678
cvae,test_c1_side+1_episode12200_no_switch,12200,False,17,0.07437401559450203,0.871929539132945,0.05369644527255309
cvae,test_c1_side+1_episode12200_no_switch,12200,False,18,0.07298547817971,0.8702630071890831,0.05675151463120686
cvae,test_c1_side+1_episode12200_no_switch,12200,False,19,0.06958809596838292,0.8720303022414249,0.05838160179019238
cvae,test_c1_side+1_episode12200_no_switch,12200,False,20,0.06690888043620238,0.8732655560873904,0.059825563476407176
cvae,test_c1_side+1_episode12200_no_switch,12200,False,21,0.061677583269700464,0.8772072244932374,0.06111519223706223
cvae,test_c1_side+1_episode12200_no_switch,12200,False,22,0.05831948009572411,0.8796953202929882,0.06198519961128756
cvae,test_c1_side+1_episode12200_no_switch,12200,False,23,0.05270825895459887,0.8846583288391952,0.06263341220620594
cvae,test_c1_side+1_episode12200_no_switch,12200,False,24,0.050202907640670105,0.8885664043021728,0.061230688057157055
cvae,test_c1_side+1_episode12200_no_switch,12200,False,25,0.05648919923265149,0.8674132831415299,0.07609751762581865
cvae,test_c1_side+1_episode12200_no_switch,12200,False,26,0.07471090685212796,0.8416423987498651,0.08364669439800693
cvae,test_c1_side+1_episode12200_no_switch,12200,False,27,0.08577795163160316,0.8170250408053077,0.09719700756308912
cvae,test_c1_side+1_episode12200_no_switch,12200,False,28,0.08838730767593898,0.7939847220298298,0.11762797029423115
cvae,test_c1_side+1_episode12200_no_switch,12200,False,29,0.06590230783231775,0.7975343895282788,0.13656330263940322
cvae,test_c1_side+1_episode12200_no_switch,12200,False,30,0.054904216047527626,0.7912542387757824,0.15384154517668996
cvae,test_c1_side+1_episode12200_switch_10,12200,True,0,0.3333333333333333,0.3333333333333333,0.3333333333333333
cvae,test_c1_side+1_episode12200_switch_10,12200,True,1,0.0018651742594646625,0.9961889151255551,0.0019459106149802717
cvae,test_c1_side+1_episode12200_switch_10,12200,True,2,0.0011193173775577898,0.9970896943387487,0.0017909882836935364
cvae,test_c1_side+1_episode12200_switch_10,12200,True,3,0.0015515245392889033,0.9926950817792032,0.005753393681508051
cvae,test_c1_side+1_episode12200_switch_10,12200,True,4,0.00814957843346789,0.9880474811585065,0.0038029404080256943
cvae,test_c1_side+1_episode12200_switch_10,12200,True,5,0.011576774557841478,0.9799195972798682,0.008503628162290347
cvae,test_c1_side+1_episode12200_switch_10,12200,True,6,0.025335782800372433,0.9548671995904335,0.019797017609193987
cvae,test_c1_side+1_episode12200_switch_10,12200,True,7,0.03973141406534091,0.9313165816160657,0.028952004318593363
cvae,test_c1_side+1_episode12200_switch_10,12200,True,8,0.051595113377983184,0.9132131772821038,0.0351917093399131
cvae,test_c1_side+1_episode12200_switch_10,12200,True,9,0.061355676977681045,0.8997226280708298,0.038921694951489214
cvae,test_c1_side+1_episode12200_switch_10,12200,True,10,0.06718448537112179,0.8908189376282121,0.041996577000666155
cvae,test_c1_side+1_episode12200_switch_10,12200,True,11,0.005703637486465028,0.3939872360952859,0.6003091264182491
cvae,test_c1_side+1_episode12200_switch_10,12200,True,12,0.00060074166716676,0.22481561248793616,0.7745836458448971
cvae,test_c1_side+1_episode12200_switch_10,12200,True,13,1.7890901529743354e-05,0.11810005549908345,0.8818820535993869
cvae,test_c1_side+1_episode12200_switch_10,12200,True,14,3.4961855365455413e-10,0.0009708352642354362,0.9990291643861461
cvae,test_c1_side+1_episode12200_switch_10,12200,True,15,5.399303820505069e-16,2.647458677838951e-07,0.9999997352541317
cvae,test_c1_side+1_episode12200_switch_10,12200,True,16,5.389485013826311e-21,3.2490986599198513e-09,0.9999999967509013
cvae,test_c1_side+1_episode12200_switch_10,12200,True,17,8.580886420110664e-29,2.756811044148086e-13,0.9999999999997243
cvae,test_c1_side+1_episode12200_switch_10,12200,True,18,5.947182206920169e-14,0.9999999999999405,3.71993759512221e-26
cvae,test_c1_side+1_episode12200_switch_10,12200,True,19,1.0,1.4100799659672742e-30,5.895709181289439e-132
cvae,test_c1_side+1_episode12200_switch_10,12200,True,20,1.0,1.163817429007793e-41,6.861260531177247e-55
cvae,test_c1_side+1_episode12200_switch_10,12200,True,21,5.0719793640985255e-56,3.4592277602891296e-33,1.0
cvae,test_c1_side+1_episode12200_switch_10,12200,True,22,1.9907550956278455e-40,4.083982102364389e-19,1.0
cvae,test_c1_side+1_episode12200_switch_10,12200,True,23,2.8383499052827033e-94,1.8924752015516775e-47,1.0
cvae,test_c1_side+1_episode12200_switch_10,12200,True,24,4.53452269558652e-59,4.984665429106005e-44,1.0
cvae,test_c1_side+1_episode12200_switch_10,12200,True,25,1.0,3.178009579849587e-20,2.94664516937764e-18
cvae,test_c1_side+1_episode12200_switch_10,12200,True,26,1.0,1.5639355321298863e-22,7.388222288584948e-43
cvae,test_c1_side+1_episode12200_switch_10,12200,True,27,1.0,8.51667779192305e-21,4.743566169853044e-39
cvae,test_c1_side+1_episode12200_switch_10,12200,True,28,1.0,4.983172366388956e-18,6.783521923410526e-33
cvae,test_c1_side+1_episode12200_switch_10,12200,True,29,0.9999999999999976,2.5045248308540984e-15,3.8068902901572844e-28
cvae,test_c1_side+1_episode12200_switch_10,12200,True,30,0.9999999999999938,6.1433909413578675e-15,4.171733137515191e-27
cvae,test_c1_side+1_episode12201_no_switch,12201,False,0,0.3333333333333333,0.3333333333333333,0.3333333333333333
cvae,test_c1_side+1_episode12201_no_switch,12201,False,1,0.0022208327573122635,0.9957402328789499,0.0020389343637379777
cvae,test_c1_side+1_episode12201_no_switch,12201,False,2,0.0017083618479488178,0.9966305616387959,0.0016610765132551546
cvae,test_c1_side+1_episode12201_no_switch,12201,False,3,0.001220952400471104,0.9939805551551631,0.004798492444365686
cvae,test_c1_side+1_episode12201_no_switch,12201,False,4,0.00608227742896611,0.9912544359457159,0.0026632866253180083
cvae,test_c1_side+1_episode12201_no_switch,12201,False,5,0.009015240903888704,0.9843844569381418,0.006600302157969524
cvae,test_c1_side+1_episode12201_no_switch,12201,False,6,0.02575440135682556,0.9537555010448522,0.020490097598322352
cvae,test_c1_side+1_episode12201_no_switch,12201,False,7,0.039607351228435894,0.9292565127000065,0.031136136071557737
cvae,test_c1_side+1_episode12201_no_switch,12201,False,8,0.05055696244459218,0.9113937097848873,0.03804932777052059
cvae,test_c1_side+1_episode12201_no_switch,12201,False,9,0.05836338054450082,0.8998502207463063,0.04178639870919284
cvae,test_c1_side+1_episode12201_no_switch,12201,False,10,0.06381346505776561,0.8919672882259234,0.044219246716310966
cvae,test_c1_side+1_episode12201_no_switch,12201,False,11,0.06631094879656381,0.8863788087477501,0.04731024245568597
cvae,test_c1_side+1_episode12201_no_switch,12201,False,12,0.06973917095053361,0.8812314840274491,0.049029345022017376
cvae,test_c1_side+1_episode12201_no_switch,12201,False,13,0.07419037489502302,0.8755223467076912,0.05028727839728565
cvae,test_c1_side+1_episode12201_no_switch,12201,False,14,0.074581547873901,0.873675744245763,0.051742707880336004
cvae,test_c1_side+1_episode12201_no_switch,12201,False,15,0.07693279925418478,0.871384626791929,0.05168257395388637
cvae,test_c1_side+1_episode12201_no_switch,12201,False,16,0.07622843878779265,0.8702445206953594,0.05352704051684795
cvae,test_c1_side+1_episode12201_no_switch,12201,False,17,0.07599561194092617,0.8687864861210829,0.05521790193799101
cvae,test_c1_side+1_episode12201_no_switch,12201,False,18,0.07425664668708161,0.871662406561152,0.05408094675176627
cvae,test_c1_side+1_episode12201_no_switch,12201,False,19,0.0721244106534918,0.8727423756854188,0.055133213661089524
cvae,test_c1_side+1_episode12201_no_switch,12201,False,20,0.06872105630985308,0.8743736607471152,0.056905282943031814
cvae,test_c1_side+1_episode12201_no_switch,12201,False,21,0.0661401188825502,0.8759052337340802,0.057954647383369515
cvae,test_c1_side+1_episode12201_no_switch,12201,False,22,0.06427083176316538,0.8769413335605485,0.05878783467628619
cvae,test_c1_side+1_episode12201_no_switch,12201,False,23,0.0582596183390521,0.8811584032216415,0.060581978439306294
cvae,test_c1_side+1_episode12201_no_switch,12201,False,24,0.05425295783059257,0.8851393076764417,0.06060773449296578
cvae,test_c1_side+1_episode12201_no_switch,12201,False,25,0.051757220382996655,0.8874709766136724,0.060771803003331036
cvae,test_c1_side+1_episode12201_no_switch,12201,False,26,0.04993503049948398,0.8889561690625506,0.06110880043796548
cvae,test_c1_side+1_episode12201_no_switch,12201,False,27,0.055747711206577615,0.8691051354015503,0.07514715339187218
cvae,test_c1_side+1_episode12201_no_switch,12201,False,28,0.07253626990174067,0.846139498867115,0.08132423123114431
cvae,test_c1_side+1_episode12201_no_switch,12201,False,29,0.08667437504695424,0.8221701998523391,0.09115542510070675
cvae,test_c1_side+1_episode12201_no_switch,12201,False,30,0.09014446224693075,0.7979420992515702,0.11191343850149899
cvae,test_c1_side+1_episode12201_switch_10,12201,True,0,0.3333333333333333,0.3333333333333333,0.3333333333333333
cvae,test_c1_side+1_episode12201_switch_10,12201,True,1,0.0022436345026572682,0.9959330722860597,0.0018232932112830379
cvae,test_c1_side+1_episode12201_switch_10,12201,True,2,0.0017622540963998818,0.9966104109213305,0.0016273349822695797
cvae,test_c1_side+1_episode12201_switch_10,12201,True,3,0.0012012367377455852,0.99394708198879,0.004851681273464313
cvae,test_c1_side+1_episode12201_switch_10,12201,True,4,0.005988696126020786,0.9912487718598055,0.002762532014173642
cvae,test_c1_side+1_episode12201_switch_10,12201,True,5,0.008696704113955856,0.9843640468825889,0.006939249003455209
cvae,test_c1_side+1_episode12201_switch_10,12201,True,6,0.024415462748553798,0.9551435806598781,0.020440956591568086
cvae,test_c1_side+1_episode12201_switch_10,12201,True,7,0.038916448442407624,0.9300840914152119,0.03099946014238045
cvae,test_c1_side+1_episode12201_switch_10,12201,True,8,0.04925704941314568,0.9118180973619546,0.038924853224899664
cvae,test_c1_side+1_episode12201_switch_10,12201,True,9,0.05668727668765241,0.8993015795829461,0.044011143729401625
cvae,test_c1_side+1_episode12201_switch_10,12201,True,10,0.061948061732559435,0.8905940222683766,0.04745791599906401
cvae,test_c1_side+1_episode12201_switch_10,12201,True,11,0.00449353219892714,0.4065596463499631,0.5889468214511098
cvae,test_c1_side+1_episode12201_switch_10,12201,True,12,0.0004985514471375076,0.23732145493738727,0.7621799936154752
cvae,test_c1_side+1_episode12201_switch_10,12201,True,13,7.722661596527549e-06,0.09985619497315773,0.9001360823652457
cvae,test_c1_side+1_episode12201_switch_10,12201,True,14,5.746657585072998e-10,0.0014251000432418726,0.9985748993820923
cvae,test_c1_side+1_episode12201_switch_10,12201,True,15,2.8005601255182697e-16,2.6135671319497745e-07,0.9999997386432866
cvae,test_c1_side+1_episode12201_switch_10,12201,True,16,8.002248248898197e-22,2.0749695991073793e-09,0.9999999979250305
cvae,test_c1_side+1_episode12201_switch_10,12201,True,17,3.9836613263814924e-29,1.573552049538165e-13,0.9999999999998426
cvae,test_c1_side+1_episode12201_switch_10,12201,True,18,3.7834761604545034e-14,0.9999999999999623,3.434582198760505e-27
cvae,test_c1_side+1_episode12201_switch_10,12201,True,19,1.0,7.083947017214872e-31,2.1117003282356037e-128
cvae,test_c1_side+1_episode12201_switch_10,12201,True,20,1.0,2.243452599339224e-27,1.787604088998401e-37
cvae,test_c1_side+1_episode12201_switch_10,12201,True,21,1.0594601871611713e-49,3.950884621193207e-30,1.0
cvae,test_c1_side+1_episode12201_switch_10,12201,True,22,5.578132698849154e-44,1.411638801258384e-20,1.0
cvae,test_c1_side+1_episode12201_switch_10,12201,True,23,3.4578910392256145e-104,2.912145035038176e-53,1.0
cvae,test_c1_side+1_episode12201_switch_10,12201,True,24,6.30286147296521e-68,2.5295853158747544e-45,1.0
cvae,test_c1_side+1_episode12201_switch_10,12201,True,25,0.9999999999998981,2.973704248226383e-17,1.019155902050301e-13
cvae,test_c1_side+1_episode12201_switch_10,12201,True,26,1.0,3.3074642623228976e-17,4.0568950038466175e-30
cvae,test_c1_side+1_episode12201_switch_10,12201,True,27,0.9999999999999916,8.403941608536841e-15,9.17272495607992e-27
cvae,test_c1_side+1_episode12201_switch_10,12201,True,28,0.9999999999999885,1.1515255928995846e-14,8.693311892911404e-27
cvae,test_c1_side+1_episode12201_switch_10,12201,True,29,0.999999999999998,1.9591164083156865e-15,1.1266166441340832e-27
cvae,test_c1_side+1_episode12201_switch_10,12201,True,30,0.999999999994517,5.482865846557812e-12,3.224880718892668e-21
cvae,test_c4_side-1_episode40200_no_switch,40200,False,0,0.3333333333333333,0.3333333333333333,0.3333333333333333
cvae,test_c4_side-1_episode40200_no_switch,40200,False,1,0.0011130905476931128,0.997579150174433,0.0013077592778738968
cvae,test_c4_side-1_episode40200_no_switch,40200,False,2,0.0003558559995262691,0.9991555155540197,0.0004886284464541196
cvae,test_c4_side-1_episode40200_no_switch,40200,False,3,0.0019981778296283463,0.9946519608712259,0.0033498612991458036
cvae,test_c4_side-1_episode40200_no_switch,40200,False,4,0.014987557258426713,0.9772154671703726,0.007796975571200714
cvae,test_c4_side-1_episode40200_no_switch,40200,False,5,0.014940748517153208,0.9692363662449991,0.015822885237847754
cvae,test_c4_side-1_episode40200_no_switch,40200,False,6,0.033571507722303835,0.9350887396601134,0.031339752617582844
cvae,test_c4_side-1_episode40200_no_switch,40200,False,7,0.0492035014207107,0.9026218978212327,0.04817460075805672
cvae,test_c4_side-1_episode40200_no_switch,40200,False,8,0.05960084906981063,0.8753593732823192,0.06503977764787011
cvae,test_c4_side-1_episode40200_no_switch,40200,False,9,0.07022879874704666,0.849795451784245,0.07997574946870832
cvae,test_c4_side-1_episode40200_no_switch,40200,False,10,0.07625911084799433,0.8330235473875078,0.0907173417644979
cvae,test_c4_side-1_episode40200_no_switch,40200,False,11,0.08010482192147567,0.8179688270534351,0.10192635102508923
cvae,test_c4_side-1_episode40200_no_switch,40200,False,12,0.08215708237736631,0.8086911468749888,0.10915177074764486
cvae,test_c4_side-1_episode40200_no_switch,40200,False,13,0.08474133029358132,0.8002324691918874,0.11502620051453122
cvae,test_c4_side-1_episode40200_no_switch,40200,False,14,0.08656292991283049,0.7948506864635778,0.1185863836235917
cvae,test_c4_side-1_episode40200_no_switch,40200,False,15,0.08725429472863636,0.791517556679758,0.12122814859160579
cvae,test_c4_side-1_episode40200_no_switch,40200,False,16,0.08559395338936726,0.7920027524511707,0.12240329415946205
cvae,test_c4_side-1_episode40200_no_switch,40200,False,17,0.08398884421907084,0.794351593852576,0.12165956192835321
cvae,test_c4_side-1_episode40200_no_switch,40200,False,18,0.08315650472571287,0.798261644737672,0.11858185053661512
cvae,test_c4_side-1_episode40200_no_switch,40200,False,19,0.08272990053284955,0.8027934059507775,0.11447669351637298
cvae,test_c4_side-1_episode40200_no_switch,40200,False,20,0.08104647320694645,0.8086943964428782,0.11025913035017534
cvae,test_c4_side-1_episode40200_no_switch,40200,False,21,0.08543559182147487,0.8162199601920102,0.09834444798651511
cvae,test_c4_side-1_episode40200_no_switch,40200,False,22,0.08719132374736988,0.8242623588396234,0.08854631741300681
cvae,test_c4_side-1_episode40200_no_switch,40200,False,23,0.09313601623135263,0.8283975645153984,0.07846641925324889
cvae,test_c4_side-1_episode40200_no_switch,40200,False,24,0.09922152049500536,0.8361282429183596,0.06465023658663505
cvae,test_c4_side-1_episode40200_no_switch,40200,False,25,0.10438658553348651,0.8432318532175818,0.052381561248931875
cvae,test_c4_side-1_episode40200_no_switch,40200,False,26,0.11278352908417841,0.8443583444277025,0.04285812648811917
cvae,test_c4_side-1_episode40200_no_switch,40200,False,27,0.11627361951686205,0.8449006158627751,0.038825764620362864
cvae,test_c4_side-1_episode40200_no_switch,40200,False,28,0.09018602889967582,0.8849919829221143,0.024821988178209718
cvae,test_c4_side-1_episode40200_no_switch,40200,False,29,0.07970896603876984,0.9002378206294478,0.02005321333178238
cvae,test_c4_side-1_episode40200_no_switch,40200,False,30,0.06317745018921532,0.9122728752461842,0.024549674564600443
cvae,test_c4_side-1_episode40200_switch_10,40200,True,0,0.3333333333333333,0.3333333333333333,0.3333333333333333
cvae,test_c4_side-1_episode40200_switch_10,40200,True,1,0.001109347104048784,0.9974950363103512,0.0013956165855999892
cvae,test_c4_side-1_episode40200_switch_10,40200,True,2,0.00035271897402287,0.9990992571505116,0.0005480238754654979
cvae,test_c4_side-1_episode40200_switch_10,40200,True,3,0.0018654416601794183,0.9948670370868961,0.003267521252924469
cvae,test_c4_side-1_episode40200_switch_10,40200,True,4,0.01486596945959557,0.9767573397038763,0.008376690836528103
cvae,test_c4_side-1_episode40200_switch_10,40200,True,5,0.014855433600728045,0.9674463008159259,0.01769826558334597
cvae,test_c4_side-1_episode40200_switch_10,40200,True,6,0.032837781518371585,0.9349576502007659,0.03220456828086254
cvae,test_c4_side-1_episode40200_switch_10,40200,True,7,0.04723308215406235,0.9048398182035006,0.047927099642436986
cvae,test_c4_side-1_episode40200_switch_10,40200,True,8,0.05952366597923021,0.8775952468618718,0.06288108715889801
cvae,test_c4_side-1_episode40200_switch_10,40200,True,9,0.06956577202866047,0.851832075471835,0.07860215249950456
cvae,test_c4_side-1_episode40200_switch_10,40200,True,10,0.07725097451811143,0.8325482326320128,0.09020079284987567
cvae,test_c4_side-1_episode40200_switch_10,40200,True,11,0.008630078647344717,0.739030750757014,0.2523391705956414
cvae,test_c4_side-1_episode40200_switch_10,40200,True,12,0.0005225218226154368,0.7258861565870847,0.27359132159029986
cvae,test_c4_side-1_episode40200_switch_10,40200,True,13,1.621151432101992e-05,0.4263131655526159,0.573670622933063
cvae,test_c4_side-1_episode40200_switch_10,40200,True,14,5.744523115133383e-09,0.008049307079940829,0.991950687175536
cvae,test_c4_side-1_episode40200_switch_10,40200,True,15,8.32182778225669e-14,2.9043112086378318e-06,0.9999970956887081
cvae,test_c4_side-1_episode40200_switch_10,40200,True,16,3.903788304370222e-19,1.912292321570958e-08,0.9999999808770768
cvae,test_c4_side-1_episode40200_switch_10,40200,True,17,8.595724365539255e-26,1.5373772869336732e-11,0.9999999999846263
cvae,test_c4_side-1_episode40200_switch_10,40200,True,18,1.0370673278930786e-27,0.41991010663568745,0.5800898933643126
cvae,test_c4_side-1_episode40200_switch_10,40200,True,19,0.0028203054963767734,0.9971796945036232,3.744045651818263e-41
cvae,test_c4_side-1_episode40200_switch_10,40200,True,20,0.574014464491055,0.42598553550894513,8.722021059320185e-41
cvae,test_c4_side-1_episode40200_switch_10,40200,True,21,1.0,1.1778346617303965e-31,6.63149479801685e-106
cvae,test_c4_side-1_episode40200_switch_10,40200,True,22,1.0,4.328803405930539e-29,3.204261567456857e-92
cvae,test_c4_side-1_episode40200_switch_10,40200,True,23,0.99999999999997,2.995764847318578e-14,2.012930532976593e-48
cvae,test_c4_side-1_episode40200_switch_10,40200,True,24,0.9999999973719061,2.628093863768931e-09,3.723481742992977e-31
cvae,test_c4_side-1_episode40200_switch_10,40200,True,25,0.9999999999992403,7.596798421201259e-13,3.6988007458652515e-34
cvae,test_c4_side-1_episode40200_switch_10,40200,True,26,0.9999999999954954,4.5045115764138155e-12,1.7212814055900876e-29
cvae,test_c4_side-1_episode40200_switch_10,40200,True,27,0.999999999551958,4.4804210214608296e-10,2.5452751450064824e-23
cvae,test_c4_side-1_episode40200_switch_10,40200,True,28,0.9999996209257299,3.7907426972384613e-07,3.732653181431454e-16
cvae,test_c4_side-1_episode40200_switch_10,40200,True,29,0.9999998436028252,1.5639717470173396e-07,9.572219755617329e-17
cvae,test_c4_side-1_episode40200_switch_10,40200,True,30,0.9999518056869192,4.8194279466057975e-05,3.3614747846198504e-11
cvae,test_c4_side-1_episode40201_no_switch,40201,False,0,0.3333333333333333,0.3333333333333333,0.3333333333333333
cvae,test_c4_side-1_episode40201_no_switch,40201,False,1,0.002157770213736014,0.9964981371935787,0.0013440925926852597
cvae,test_c4_side-1_episode40201_no_switch,40201,False,2,0.001218075191691536,0.9977172230281587,0.0010647017801497908
cvae,test_c4_side-1_episode40201_no_switch,40201,False,3,0.001180781367230494,0.995999960575065,0.002819258057704417
cvae,test_c4_side-1_episode40201_no_switch,40201,False,4,0.008373876556492195,0.9893070915834091,0.002319031860098686
cvae,test_c4_side-1_episode40201_no_switch,40201,False,5,0.009888462837284796,0.9822651293889807,0.007846407773734599
cvae,test_c4_side-1_episode40201_no_switch,40201,False,6,0.02925125351104248,0.9385573895494814,0.032191356939475946
cvae,test_c4_side-1_episode40201_no_switch,40201,False,7,0.04184137965807286,0.902177584991576,0.05598103535035109
cvae,test_c4_side-1_episode40201_no_switch,40201,False,8,0.051265118529087744,0.8720999571759154,0.07663492429499692
cvae,test_c4_side-1_episode40201_no_switch,40201,False,9,0.056570241313552275,0.8476382458857877,0.0957915128006601
cvae,test_c4_side-1_episode40201_no_switch,40201,False,10,0.05827018092942399,0.8306490454264621,0.11108077364411402
cvae,test_c4_side-1_episode40201_no_switch,40201,False,11,0.06071592215100939,0.8157223081306929,0.12356176971829774
cvae,test_c4_side-1_episode40201_no_switch,40201,False,12,0.06339409049445206,0.8050993912459251,0.13150651825962278
cvae,test_c4_side-1_episode40201_no_switch,40201,False,13,0.061844494738047005,0.8014795593443788,0.13667594591757423
cvae,test_c4_side-1_episode40201_no_switch,40201,False,14,0.06332561166038331,0.7938351828408026,0.14283920549881413
cvae,test_c4_side-1_episode40201_no_switch,40201,False,15,0.06577617246715795,0.7907070751658312,0.14351675236701092
cvae,test_c4_side-1_episode40201_no_switch,40201,False,16,0.0664122162953506,0.7911179577659706,0.1424698259386789
cvae,test_c4_side-1_episode40201_no_switch,40201,False,17,0.0675688119866458,0.7938512027828971,0.13857998523045711
cvae,test_c4_side-1_episode40201_no_switch,40201,False,18,0.06821671872257093,0.7974476506743888,0.13433563060304016
cvae,test_c4_side-1_episode40201_no_switch,40201,False,19,0.06832251633607392,0.8020239348305117,0.1296535488334144
cvae,test_c4_side-1_episode40201_no_switch,40201,False,20,0.07235818513865036,0.8083881330212879,0.11925368184006183
cvae,test_c4_side-1_episode40201_no_switch,40201,False,21,0.07603306027137154,0.8189899569975828,0.10497698273104564
cvae,test_c4_side-1_episode40201_no_switch,40201,False,22,0.08019682081744554,0.8279110009923825,0.09189217819017201
cvae,test_c4_side-1_episode40201_no_switch,40201,False,23,0.08426913362401642,0.8368537500929409,0.07887711628304263
cvae,test_c4_side-1_episode40201_no_switch,40201,False,24,0.08888930686555935,0.8402175694205846,0.07089312371385612
cvae,test_c4_side-1_episode40201_no_switch,40201,False,25,0.09403915273370962,0.8460071034277891,0.059953743838501196
cvae,test_c4_side-1_episode40201_no_switch,40201,False,26,0.10213870411372832,0.8486638339706054,0.04919746191566628
cvae,test_c4_side-1_episode40201_no_switch,40201,False,27,0.080249503510322,0.886048298205741,0.03370219828393699
cvae,test_c4_side-1_episode40201_no_switch,40201,False,28,0.06676219648887613,0.9017752493877058,0.031462554123417974
cvae,test_c4_side-1_episode40201_no_switch,40201,False,29,0.056498417713913875,0.911980895935539,0.03152068635054697
cvae,test_c4_side-1_episode40201_no_switch,40201,False,30,0.06719074930013419,0.904347782278895,0.028461468420970658
cvae,test_c4_side-1_episode40201_switch_10,40201,True,0,0.3333333333333333,0.3333333333333333,0.3333333333333333
cvae,test_c4_side-1_episode40201_switch_10,40201,True,1,0.0020591689502755537,0.9963851095945881,0.0015557214551362197
cvae,test_c4_side-1_episode40201_switch_10,40201,True,2,0.0011930065657490385,0.9978781651651091,0.0009288282691417686
cvae,test_c4_side-1_episode40201_switch_10,40201,True,3,0.0013139214512005854,0.9960992633264251,0.002586815222374299
cvae,test_c4_side-1_episode40201_switch_10,40201,True,4,0.008488746131863631,0.9893099257941931,0.0022013280739431973
cvae,test_c4_side-1_episode40201_switch_10,40201,True,5,0.009661804008247114,0.9823219536036756,0.008016242388077306
cvae,test_c4_side-1_episode40201_switch_10,40201,True,6,0.02774479906611122,0.9400953136334831,0.032159887300405636
cvae,test_c4_side-1_episode40201_switch_10,40201,True,7,0.040462063645681556,0.9033642072299229,0.05617372912439559
cvae,test_c4_side-1_episode40201_switch_10,40201,True,8,0.049229772029583015,0.8750023140994262,0.07576791387099087
cvae,test_c4_side-1_episode40201_switch_10,40201,True,9,0.05594120270390565,0.8514205913062043,0.09263820598989009
cvae,test_c4_side-1_episode40201_switch_10,40201,True,10,0.060438822812079705,0.8337276108733143,0.10583356631460598
cvae,test_c4_side-1_episode40201_switch_10,40201,True,11,0.00465648630626247,0.6923061904577265,0.30303732323601107
cvae,test_c4_side-1_episode40201_switch_10,40201,True,12,0.0003815350745813669,0.6598871111439115,0.33973135378150704
cvae,test_c4_side-1_episode40201_switch_10,40201,True,13,1.2177684303788643e-05,0.4306371903797994,0.5693506319358967
cvae,test_c4_side-1_episode40201_switch_10,40201,True,14,7.345990582041971e-09,0.01668404287952348,0.983315949774486
cvae,test_c4_side-1_episode40201_switch_10,40201,True,15,7.217311782645719e-14,7.749886084064417e-06,0.9999922501138437
cvae,test_c4_side-1_episode40201_switch_10,40201,True,16,4.911407812773531e-19,6.33196268358532e-08,0.9999999366803731
cvae,test_c4_side-1_episode40201_switch_10,40201,True,17,6.152996292363279e-26,4.5229811065001555e-11,0.9999999999547702
cvae,test_c4_side-1_episode40201_switch_10,40201,True,18,1.3269967558946248e-35,1.5340322127256712e-05,0.9999846596778728
cvae,test_c4_side-1_episode40201_switch_10,40201,True,19,3.764715162678214e-07,0.9999996235284838,1.7933601918391448e-37
cvae,test_c4_side-1_episode40201_switch_10,40201,True,20,0.9971308257274899,0.0028691742725101468,7.155707823594024e-33
cvae,test_c4_side-1_episode40201_switch_10,40201,True,21,1.0,7.643286636766719e-50,7.622059770511956e-132
cvae,test_c4_side-1_episode40201_switch_10,40201,True,22,1.0,1.8100092828157363e-43,2.297448973602488e-127
cvae,test_c4_side-1_episode40201_switch_10,40201,True,23,1.0,1.2060475153792246e-29,9.051150262143469e-92
cvae,test_c4_side-1_episode40201_switch_10,40201,True,24,1.0,2.6087854124342307e-17,1.667332319891149e-57
cvae,test_c4_side-1_episode40201_switch_10,40201,True,25,0.999999999936146,6.385400096005493e-11,1.0994421593736208e-31
cvae,test_c4_side-1_episode40201_switch_10,40201,True,26,0.9999999999999728,2.724316111818682e-14,3.9726697086175047e-35
cvae,test_c4_side-1_episode40201_switch_10,40201,True,27,0.9999999999666055,3.339448024658999e-11,2.62802101215967e-26
cvae,test_c4_side-1_episode40201_switch_10,40201,True,28,0.9999999998249454,1.7505468114837773e-10,1.8831939128910955e-23
cvae,test_c4_side-1_episode40201_switch_10,40201,True,29,0.9999999932018884,6.798111584575475e-09,1.2367432309832104e-18
cvae,test_c4_side-1_episode40201_switch_10,40201,True,30,0.9999999995828374,4.1716268844587096e-10,4.904151623969244e-20
cvae,test_c4_side+1_episode42200_no_switch,42200,False,0,0.3333333333333333,0.3333333333333333,0.3333333333333333
cvae,test_c4_side+1_episode42200_no_switch,42200,False,1,0.0016143530101051268,0.9970047834472548,0.0013808635426400778
cvae,test_c4_side+1_episode42200_no_switch,42200,False,2,0.0011055796992381945,0.9977534561949348,0.001140964105826964
cvae,test_c4_side+1_episode42200_no_switch,42200,False,3,0.00139014194158199,0.9925481598553448,0.006061698203073183
cvae,test_c4_side+1_episode42200_no_switch,42200,False,4,0.008411729389082016,0.9874488218906113,0.004139448720306476
cvae,test_c4_side+1_episode42200_no_switch,42200,False,5,0.012533819694593315,0.9797950934162796,0.007671086889127191
cvae,test_c4_side+1_episode42200_no_switch,42200,False,6,0.027964307542735843,0.9546384590645586,0.017397233392705613
cvae,test_c4_side+1_episode42200_no_switch,42200,False,7,0.045058973839628855,0.9315725355310578,0.023368490629313322
cvae,test_c4_side+1_episode42200_no_switch,42200,False,8,0.06409785535268579,0.9089547073163857,0.02694743733092847
cvae,test_c4_side+1_episode42200_no_switch,42200,False,9,0.07940204480234214,0.8899089132787232,0.030689041918934578
cvae,test_c4_side+1_episode42200_no_switch,42200,False,10,0.09391762828128879,0.873165124883913,0.03291724683479829
cvae,test_c4_side+1_episode42200_no_switch,42200,False,11,0.1033946144682247,0.8597840269794507,0.036821358552324546
cvae,test_c4_side+1_episode42200_no_switch,42200,False,12,0.11112768182601049,0.8482802015359969,0.040592116637992705
cvae,test_c4_side+1_episode42200_no_switch,42200,False,13,0.11983074851796431,0.8378649538982486,0.042304297583787134
cvae,test_c4_side+1_episode42200_no_switch,42200,False,14,0.1255059787804098,0.8286651555343563,0.045828865685234005
cvae,test_c4_side+1_episode42200_no_switch,42200,False,15,0.12440552563932673,0.8261924844552984,0.04940198990537493
cvae,test_c4_side+1_episode42200_no_switch,42200,False,16,0.12276600831526598,0.8243857842245178,0.052848207460216304
cvae,test_c4_side+1_episode42200_no_switch,42200,False,17,0.11400918729193862,0.8285428442096655,0.05744796849839586
cvae,test_c4_side+1_episode42200_no_switch,42200,False,18,0.10638519884541874,0.8315294777506971,0.062085323403884216
cvae,test_c4_side+1_episode42200_no_switch,42200,False,19,0.0978888827588336,0.8371435922027994,0.06496752503836702
cvae,test_c4_side+1_episode42200_no_switch,42200,False,20,0.08573467683803833,0.8454198778456009,0.06884544531636076
cvae,test_c4_side+1_episode42200_no_switch,42200,False,21,0.06948717418274535,0.8564101411352759,0.07410268468197881
cvae,test_c4_side+1_episode42200_no_switch,42200,False,22,0.05728734746495237,0.8643162309007875,0.0783964216342602
cvae,test_c4_side+1_episode42200_no_switch,42200,False,23,0.04820416918434207,0.871607364732164,0.08018846608349399
cvae,test_c4_side+1_episode42200_no_switch,42200,False,24,0.04037218170817664,0.8769844213826699,0.08264339690915355
cvae,test_c4_side+1_episode42200_no_switch,42200,False,25,0.034373931051933516,0.8843456777559939,0.08128039119207253
cvae,test_c4_side+1_episode42200_no_switch,42200,False,26,0.0397097529661536,0.8700142596716499,0.09027598736219657
cvae,test_c4_side+1_episode42200_no_switch,42200,False,27,0.05477276285232153,0.8423539262627586,0.10287331088491991
cvae,test_c4_side+1_episode42200_no_switch,42200,False,28,0.069138999020773,0.8177036897139208,0.11315731126530611
cvae,test_c4_side+1_episode42200_no_switch,42200,False,29,0.07567725656159152,0.8025418059245057,0.12178093751390272
cvae,test_c4_side+1_episode42200_no_switch,42200,False,30,0.08437879883583137,0.776004751460423,0.13961644970374554
cvae,test_c4_side+1_episode42200_switch_10,42200,True,0,0.3333333333333333,0.3333333333333333,0.3333333333333333
cvae,test_c4_side+1_episode42200_switch_10,42200,True,1,0.0016053451000369405,0.9969883134131621,0.0014063414868010185
cvae,test_c4_side+1_episode42200_switch_10,42200,True,2,0.0009712163968385403,0.9978203932242897,0.0012083903788718
cvae,test_c4_side+1_episode42200_switch_10,42200,True,3,0.0014439403193857623,0.9933829482944605,0.00517311138615374
cvae,test_c4_side+1_episode42200_switch_10,42200,True,4,0.008572821775223586,0.9874977078205097,0.003929470404266739
cvae,test_c4_side+1_episode42200_switch_10,42200,True,5,0.013126179132672399,0.9789667690191827,0.007907051848144855
cvae,test_c4_side+1_episode42200_switch_10,42200,True,6,0.028608196205391467,0.9536767989036622,0.017715004890946243
cvae,test_c4_side+1_episode42200_switch_10,42200,True,7,0.0462079926945937,0.9299460570211957,0.02384595028421069
cvae,test_c4_side+1_episode42200_switch_10,42200,True,8,0.0633896422156365,0.9083752722642741,0.028235085520089513
cvae,test_c4_side+1_episode42200_switch_10,42200,True,9,0.08041140433349336,0.8886698594548695,0.03091873621163702
cvae,test_c4_side+1_episode42200_switch_10,42200,True,10,0.09435188345997911,0.8723607852424615,0.033287331297559494
cvae,test_c4_side+1_episode42200_switch_10,42200,True,11,0.018998728506049757,0.5718330474661173,0.40916822402783304
cvae,test_c4_side+1_episode42200_switch_10,42200,True,12,0.003901123522033389,0.48490420424972636,0.5111946722282402
cvae,test_c4_side+1_episode42200_switch_10,42200,True,13,0.00019351351351936554,0.4704489884298505,0.5293574980566301
cvae,test_c4_side+1_episode42200_switch_10,42200,True,14,2.2520659538382546e-07,0.06696935181796336,0.9330304229754411
cvae,test_c4_side+1_episode42200_switch_10,42200,True,15,9.869982863423717e-12,8.960759863230978e-05,0.9999103923914977
cvae,test_c4_side+1_episode42200_switch_10,42200,True,16,3.2027230109031285e-15,2.529366727967189e-06,0.9999974706332689
cvae,test_c4_side+1_episode42200_switch_10,42200,True,17,1.913091950574679e-19,2.4078998405087905e-08,0.9999999759210016
cvae,test_c4_side+1_episode42200_switch_10,42200,True,18,2.1132561005685376e-13,0.06749273550896237,0.9325072644908262
cvae,test_c4_side+1_episode42200_switch_10,42200,True,19,1.0,1.2078360986694296e-45,3.056688166477121e-162
cvae,test_c4_side+1_episode42200_switch_10,42200,True,20,0.9999995193846616,1.771455633663936e-20,4.806153383182345e-07
cvae,test_c4_side+1_episode42200_switch_10,42200,True,21,1.0637641882166148e-66,1.0674579374744748e-33,1.0
cvae,test_c4_side+1_episode42200_switch_10,42200,True,22,1.2977064258289872e-11,6.627199875481041e-05,0.9999337279882682
cvae,test_c4_side+1_episode42200_switch_10,42200,True,23,1.7814566448167175e-51,1.2474372786974583e-20,1.0
cvae,test_c4_side+1_episode42200_switch_10,42200,True,24,8.992545261220127e-91,5.823474561489078e-48,1.0
cvae,test_c4_side+1_episode42200_switch_10,42200,True,25,3.7102067400841186e-93,2.5219421703013656e-62,1.0
cvae,test_c4_side+1_episode42200_switch_10,42200,True,26,1.0,2.586349551750163e-25,9.186560227667167e-24
cvae,test_c4_side+1_episode42200_switch_10,42200,True,27,1.0,2.0888773237041922e-29,2.717239735634028e-35
cvae,test_c4_side+1_episode42200_switch_10,42200,True,28,1.0,4.6295896182579134e-21,1.3554095538998074e-39
cvae,test_c4_side+1_episode42200_switch_10,42200,True,29,1.0,2.9931040785096202e-21,2.537301952879336e-34
cvae,test_c4_side+1_episode42200_switch_10,42200,True,30,1.0,1.732692985087284e-20,3.5300244398545873e-35
cvae,test_c4_side+1_episode42201_no_switch,42201,False,0,0.3333333333333333,0.3333333333333333,0.3333333333333333
cvae,test_c4_side+1_episode42201_no_switch,42201,False,1,0.0012323245992579405,0.9973746896668104,0.0013929857339316882
cvae,test_c4_side+1_episode42201_no_switch,42201,False,2,0.0004431976612831725,0.9988367293437628,0.0007200729949539845
cvae,test_c4_side+1_episode42201_no_switch,42201,False,3,0.0020062363247529786,0.9920180448148678,0.005975718860379234
cvae,test_c4_side+1_episode42201_no_switch,42201,False,4,0.016017241350049737,0.9739073758417708,0.010075382808179385
cvae,test_c4_side+1_episode42201_no_switch,42201,False,5,0.021813741054360337,0.9656925476720553,0.012493711273584483
cvae,test_c4_side+1_episode42201_no_switch,42201,False,6,0.03239622426437693,0.9471252863977144,0.020478489337908586
cvae,test_c4_side+1_episode42201_no_switch,42201,False,7,0.041800327706429385,0.9296615120814772,0.028538160212093322
cvae,test_c4_side+1_episode42201_no_switch,42201,False,8,0.05261352078724817,0.9120989459755858,0.03528753323716598
cvae,test_c4_side+1_episode42201_no_switch,42201,False,9,0.06359549408781191,0.8964390611591352,0.03996544475305295
cvae,test_c4_side+1_episode42201_no_switch,42201,False,10,0.07421977214620347,0.8817942996651502,0.04398592818864627
cvae,test_c4_side+1_episode42201_no_switch,42201,False,11,0.08321827869102354,0.8703651592409369,0.04641656206803947
cvae,test_c4_side+1_episode42201_no_switch,42201,False,12,0.08659893775664712,0.8649734695102048,0.04842759273314803
cvae,test_c4_side+1_episode42201_no_switch,42201,False,13,0.09364261990866864,0.856861845040458,0.04949553505087332
cvae,test_c4_side+1_episode42201_no_switch,42201,False,14,0.0957003238500162,0.852297478469961,0.05200219768002289
cvae,test_c4_side+1_episode42201_no_switch,42201,False,15,0.09280379349284736,0.8519850684263314,0.05521113808082131
cvae,test_c4_side+1_episode42201_no_switch,42201,False,16,0.09230308589920723,0.8521916478450002,0.0555052662557925
cvae,test_c4_side+1_episode42201_no_switch,42201,False,17,0.09364253352959923,0.8522441018834461,0.054113364586954676
cvae,test_c4_side+1_episode42201_no_switch,42201,False,18,0.087067131545046,0.8562440808474308,0.05668878760752335
cvae,test_c4_side+1_episode42201_no_switch,42201,False,19,0.08374904800077224,0.8575759372579358,0.05867501474129193
cvae,test_c4_side+1_episode42201_no_switch,42201,False,20,0.07755596326338302,0.8610837022655771,0.061360334471039855
cvae,test_c4_side+1_episode42201_no_switch,42201,False,21,0.07393540410834822,0.8647317059630395,0.06133288992861224
cvae,test_c4_side+1_episode42201_no_switch,42201,False,22,0.06934497239498322,0.8678868277966876,0.06276819980832919
cvae,test_c4_side+1_episode42201_no_switch,42201,False,23,0.06369088131577329,0.8706447119894569,0.06566440669476999
cvae,test_c4_side+1_episode42201_no_switch,42201,False,24,0.05891828397871426,0.8736774034742082,0.06740431254707752
cvae,test_c4_side+1_episode42201_no_switch,42201,False,25,0.05269327052381322,0.8781682220658346,0.0691385074103521
cvae,test_c4_side+1_episode42201_no_switch,42201,False,26,0.049479113203688814,0.8804945482350313,0.07002633856127999
cvae,test_c4_side+1_episode42201_no_switch,42201,False,27,0.04552757234779308,0.8849884833495455,0.06948394430266151
cvae,test_c4_side+1_episode42201_no_switch,42201,False,28,0.055983244937923685,0.8759200708213363,0.06809668424073995
cvae,test_c4_side+1_episode42201_no_switch,42201,False,29,0.07836803144491662,0.8422761969247686,0.07935577163031485
cvae,test_c4_side+1_episode42201_no_switch,42201,False,30,0.09787113761845025,0.8191346675192576,0.08299419486229226
cvae,test_c4_side+1_episode42201_switch_10,42201,True,0,0.3333333333333333,0.3333333333333333,0.3333333333333333
cvae,test_c4_side+1_episode42201_switch_10,42201,True,1,0.0010715693542625356,0.9973443459646715,0.0015840846810659783
cvae,test_c4_side+1_episode42201_switch_10,42201,True,2,0.0004575392671960175,0.998859068924636,0.0006833918081678583
cvae,test_c4_side+1_episode42201_switch_10,42201,True,3,0.0021251679188183546,0.9917744879541289,0.006100344127052707
cvae,test_c4_side+1_episode42201_switch_10,42201,True,4,0.016138417268744598,0.9739872594969946,0.009874323234260816
cvae,test_c4_side+1_episode42201_switch_10,42201,True,5,0.022124219269230066,0.9654289854485011,0.012446795282268903
cvae,test_c4_side+1_episode42201_switch_10,42201,True,6,0.0311293404839465,0.9488450175554555,0.020025641960598046
cvae,test_c4_side+1_episode42201_switch_10,42201,True,7,0.04167691995303842,0.9306809723105158,0.027642107736445775
cvae,test_c4_side+1_episode42201_switch_10,42201,True,8,0.05263665871255806,0.9133986289196374,0.033964712367804455
cvae,test_c4_side+1_episode42201_switch_10,42201,True,9,0.06449279072568097,0.8960347784157676,0.03947243085855145
cvae,test_c4_side+1_episode42201_switch_10,42201,True,10,0.07345719536835574,0.8859968889712405,0.04054591566040386
cvae,test_c4_side+1_episode42201_switch_10,42201,True,11,0.00848834291903047,0.618768919865503,0.3727427372154666
cvae,test_c4_side+1_episode42201_switch_10,42201,True,12,0.0015827465849218734,0.5637708859797437,0.4346463674353343
cvae,test_c4_side+1_episode42201_switch_10,42201,True,13,9.052232904442464e-05,0.5891185349745767,0.41079094269637895
cvae,test_c4_side+1_episode42201_switch_10,42201,True,14,1.392484195885214e-07,0.07346971273468135,0.926530148016899
cvae,test_c4_side+1_episode42201_switch_10,42201,True,15,1.028293074941938e-11,8.186175191732332e-05,0.9999181382377997
cvae,test_c4_side+1_episode42201_switch_10,42201,True,16,7.551926524140829e-15,2.786286813258276e-06,0.9999972137131792
cvae,test_c4_side+1_episode42201_switch_10,42201,True,17,2.070623381129945e-18,9.021730506215986e-08,0.9999999097826949
cvae,test_c4_side+1_episode42201_switch_10,42201,True,18,0.0001711264274225914,0.9998288735725774,6.262188283553832e-20
cvae,test_c4_side+1_episode42201_switch_10,42201,True,19,1.0,2.6397883606497287e-70,7.811303623963341e-172
cvae,test_c4_side+1_episode42201_switch_10,42201,True,20,1.7467164157638955e-06,1.5549089054398228e-13,0.9999982532834287
cvae,test_c4_side+1_episode42201_switch_10,42201,True,21,7.466018016739695e-54,4.4075324664711534e-26,1.0
cvae,test_c4_side+1_episode42201_switch_10,42201,True,22,2.492937172820221e-07,0.004491890253709096,0.9955078604525737
cvae,test_c4_side+1_episode42201_switch_10,42201,True,23,1.2100371113406649e-42,2.640957908617114e-16,0.9999999999999998
cvae,test_c4_side+1_episode42201_switch_10,42201,True,24,1.649579461865683e-73,1.9676776878165707e-37,1.0
cvae,test_c4_side+1_episode42201_switch_10,42201,True,25,1.4365614198711948e-89,3.3545633591588007e-57,1.0
cvae,test_c4_side+1_episode42201_switch_10,42201,True,26,0.0006261363675840707,3.461768870348727e-14,0.9993738636323813
cvae,test_c4_side+1_episode42201_switch_10,42201,True,27,0.29099995749897567,3.0452216044886907e-09,0.7090000394558027
cvae,test_c4_side+1_episode42201_switch_10,42201,True,28,2.165100744895588e-05,2.2071419607837155e-09,0.9999783467854091
cvae,test_c4_side+1_episode42201_switch_10,42201,True,29,0.9999999881795699,8.535032675340865e-09,3.285397409271898e-09
cvae,test_c4_side+1_episode42201_switch_10,42201,True,30,0.9999999999690954,3.0903710146147945e-11,8.380919800152025e-16
cvae,test_c7_side-1_episode70200_no_switch,70200,False,0,0.3333333333333333,0.3333333333333333,0.3333333333333333
cvae,test_c7_side-1_episode70200_no_switch,70200,False,1,0.0016969397787532428,0.9974306510732611,0.0008724091479855717
cvae,test_c7_side-1_episode70200_no_switch,70200,False,2,0.0011937402386184247,0.9983214110503454,0.00048484871103614204
cvae,test_c7_side-1_episode70200_no_switch,70200,False,3,0.001858684028062605,0.9950866988119045,0.0030546171600330115
cvae,test_c7_side-1_episode70200_no_switch,70200,False,4,0.011487322347649966,0.9848186162283422,0.003694061424007764
cvae,test_c7_side-1_episode70200_no_switch,70200,False,5,0.015011220598221752,0.974735129998328,0.01025364940345028
cvae,test_c7_side-1_episode70200_no_switch,70200,False,6,0.03266310900883386,0.9368116168775489,0.030525274113617253
cvae,test_c7_side-1_episode70200_no_switch,70200,False,7,0.04393320589384335,0.9062192912252196,0.0498475028809371
cvae,test_c7_side-1_episode70200_no_switch,70200,False,8,0.049806364584247975,0.8829657276942127,0.06722790772153939
cvae,test_c7_side-1_episode70200_no_switch,70200,False,9,0.053909312386274985,0.8633579752473586,0.08273271236636631
cvae,test_c7_side-1_episode70200_no_switch,70200,False,10,0.058709332337056955,0.8492441060665573,0.0920465615963857
cvae,test_c7_side-1_episode70200_no_switch,70200,False,11,0.06131971895857016,0.8387324912501981,0.09994778979123176
cvae,test_c7_side-1_episode70200_no_switch,70200,False,12,0.06115001733638455,0.8321080097502468,0.1067419729133686
cvae,test_c7_side-1_episode70200_no_switch,70200,False,13,0.06316743449660166,0.8278332874038045,0.10899927809959384
cvae,test_c7_side-1_episode70200_no_switch,70200,False,14,0.06462613615759183,0.8273390308673393,0.1080348329750689
cvae,test_c7_side-1_episode70200_no_switch,70200,False,15,0.06348644694064455,0.8317708081115132,0.10474274494784236
cvae,test_c7_side-1_episode70200_no_switch,70200,False,16,0.06406561821693886,0.835585158000958,0.10034922378210313
cvae,test_c7_side-1_episode70200_no_switch,70200,False,17,0.06696606584154531,0.8396131532057528,0.09342078095270188
cvae,test_c7_side-1_episode70200_no_switch,70200,False,18,0.06637865921387794,0.844494937596345,0.08912640318977721
cvae,test_c7_side-1_episode70200_no_switch,70200,False,19,0.06614984883669647,0.8501636111585351,0.08368654000476848
cvae,test_c7_side-1_episode70200_no_switch,70200,False,20,0.0694522127500014,0.8544234944550678,0.07612429279493074
cvae,test_c7_side-1_episode70200_no_switch,70200,False,21,0.06881908151989133,0.8596315599187244,0.07154935856138415
cvae,test_c7_side-1_episode70200_no_switch,70200,False,22,0.06981218738254444,0.8637303022812336,0.06645751033622198
cvae,test_c7_side-1_episode70200_no_switch,70200,False,23,0.06901009127675105,0.8680040855815291,0.06298582314171974
cvae,test_c7_side-1_episode70200_no_switch,70200,False,24,0.07110619017920841,0.8696282178294246,0.05926559199136708
cvae,test_c7_side-1_episode70200_no_switch,70200,False,25,0.05606153110687258,0.885282549658482,0.05865591923464542
cvae,test_c7_side-1_episode70200_no_switch,70200,False,26,0.04827312673838231,0.8918326073979238,0.05989426586369391
cvae,test_c7_side-1_episode70200_no_switch,70200,False,27,0.04717325770399858,0.9018551183686886,0.05097162392731293
cvae,test_c7_side-1_episode70200_no_switch,70200,False,28,0.05731112416892866,0.9038920684592286,0.03879680737184282
cvae,test_c7_side-1_episode70200_no_switch,70200,False,29,0.073290347598609,0.8974722281417863,0.02923742425960475
cvae,test_c7_side-1_episode70200_no_switch,70200,False,30,0.087166484242674,0.8884762830211665,0.02435723273615946
cvae,test_c7_side-1_episode70200_switch_10,70200,True,0,0.3333333333333333,0.3333333333333333,0.3333333333333333
cvae,test_c7_side-1_episode70200_switch_10,70200,True,1,0.0016737860679970264,0.9973339306151693,0.0009922833168335662
cvae,test_c7_side-1_episode70200_switch_10,70200,True,2,0.0011933352989220867,0.9983104038873793,0.0004962608136985291
cvae,test_c7_side-1_episode70200_switch_10,70200,True,3,0.0018523859522634502,0.9951475757469557,0.0030000383007809605
cvae,test_c7_side-1_episode70200_switch_10,70200,True,4,0.012376530521763435,0.9839337480179522,0.0036897214602842417
cvae,test_c7_side-1_episode70200_switch_10,70200,True,5,0.015361417040410965,0.9740083170949728,0.010630265864616257
cvae,test_c7_side-1_episode70200_switch_10,70200,True,6,0.03291890251002867,0.9370522402734722,0.03002885721649921
cvae,test_c7_side-1_episode70200_switch_10,70200,True,7,0.043478166711867584,0.9079112966753697,0.04861053661276262
cvae,test_c7_side-1_episode70200_switch_10,70200,True,8,0.05112839605914992,0.8833163728938855,0.06555523104696462
cvae,test_c7_side-1_episode70200_switch_10,70200,True,9,0.05618194160517733,0.8639642667713288,0.0798537916234939
cvae,test_c7_side-1_episode70200_switch_10,70200,True,10,0.05860516941810129,0.8518003965000426,0.08959443408185608
cvae,test_c7_side-1_episode70200_switch_10,70200,True,11,0.0019570069794061632,0.6593476683885501,0.3386953246320437
cvae,test_c7_side-1_episode70200_switch_10,70200,True,12,0.0001528626008218296,0.5769132584929478,0.42293387890623035
cvae,test_c7_side-1_episode70200_switch_10,70200,True,13,1.9103885646076466e-06,0.23035144557421458,0.7696466440372208
cvae,test_c7_side-1_episode70200_switch_10,70200,True,14,2.9650772461122194e-11,0.0007803948988793512,0.9992196050714698
cvae,test_c7_side-1_episode70200_switch_10,70200,True,15,2.247145636519872e-17,1.3269999258295863e-07,0.9999998673000075
cvae,test_c7_side-1_episode70200_switch_10,70200,True,16,1.6656385787566044e-23,4.110765035464189e-10,0.9999999995889235
cvae,test_c7_side-1_episode70200_switch_10,70200,True,17,3.15891927097998e-32,3.137783588316693e-14,0.9999999999999686
cvae,test_c7_side-1_episode70200_switch_10,70200,True,18,3.547454346058762e-25,1.0,1.9802138195663354e-21
cvae,test_c7_side-1_episode70200_switch_10,70200,True,19,0.9999987778507043,1.222149295664798e-06,8.601657155905642e-74
cvae,test_c7_side-1_episode70200_switch_10,70200,True,20,1.0,3.3986296666457936e-56,1.958734594892165e-108
cvae,test_c7_side-1_episode70200_switch_10,70200,True,21,1.0,3.06466951318741e-65,3.590764460316043e-123
cvae,test_c7_side-1_episode70200_switch_10,70200,True,22,1.0,3.726605064388179e-70,4.779791706717191e-134
cvae,test_c7_side-1_episode70200_switch_10,70200,True,23,1.0,2.502605191097384e-60,4.14918375855694e-123
cvae,test_c7_side-1_episode70200_switch_10,70200,True,24,1.0,1.6305860337772767e-27,1.7140288466522412e-58
cvae,test_c7_side-1_episode70200_switch_10,70200,True,25,0.9999999999999627,3.737246155971832e-14,1.74835162728571e-32
cvae,test_c7_side-1_episode70200_switch_10,70200,True,26,0.9999999999999996,3.7987318051903923e-16,1.9266938960510583e-35
cvae,test_c7_side-1_episode70200_switch_10,70200,True,27,0.9999999999998701,1.2983308488252287e-13,5.691670675764421e-28
cvae,test_c7_side-1_episode70200_switch_10,70200,True,28,0.9999999992879529,7.120470862084274e-10,6.2615831460587e-19
cvae,test_c7_side-1_episode70200_switch_10,70200,True,29,0.9999999998722122,1.2778774264642025e-10,8.992934168775264e-21
cvae,test_c7_side-1_episode70200_switch_10,70200,True,30,0.999999995329869,4.670130905479799e-09,4.3644769139209716e-18
cvae,test_c7_side-1_episode70201_no_switch,70201,False,0,0.3333333333333333,0.3333333333333333,0.3333333333333333
cvae,test_c7_side-1_episode70201_no_switch,70201,False,1,0.0012653322832817007,0.9978089379052435,0.0009257298114747282
cvae,test_c7_side-1_episode70201_no_switch,70201,False,2,0.0005630898649981132,0.9991472133772019,0.0002896967577999911
cvae,test_c7_side-1_episode70201_no_switch,70201,False,3,0.0028181614149563887,0.9940474507165851,0.0031343878684585574
cvae,test_c7_side-1_episode70201_no_switch,70201,False,4,0.019796164265223577,0.9715649840708315,0.008638851663944963
cvae,test_c7_side-1_episode70201_no_switch,70201,False,5,0.020944183236206816,0.961986444216271,0.017069372547522093
cvae,test_c7_side-1_episode70201_no_switch,70201,False,6,0.03792163014334408,0.9318342537042451,0.03024411615241074
cvae,test_c7_side-1_episode70201_no_switch,70201,False,7,0.04993438807106519,0.9056352586410117,0.04443035328792314
cvae,test_c7_side-1_episode70201_no_switch,70201,False,8,0.06035794703913374,0.8805171094140279,0.05912494354683836
cvae,test_c7_side-1_episode70201_no_switch,70201,False,9,0.06979454247416922,0.8576358798869291,0.07256957763890157
cvae,test_c7_side-1_episode70201_no_switch,70201,False,10,0.07575561076198115,0.8403962668551118,0.08384812238290701
cvae,test_c7_side-1_episode70201_no_switch,70201,False,11,0.0824221505544584,0.827422692090811,0.09015515735473062
cvae,test_c7_side-1_episode70201_no_switch,70201,False,12,0.08663617149805833,0.8176089265897187,0.09575490191222298
cvae,test_c7_side-1_episode70201_no_switch,70201,False,13,0.08891150884757114,0.8132533627935769,0.09783512835885205
cvae,test_c7_side-1_episode70201_no_switch,70201,False,14,0.09101295883686795,0.8086139564816507,0.10037308468148125
cvae,test_c7_side-1_episode70201_no_switch,70201,False,15,0.09114821305998519,0.8092981587622363,0.09955362817777852
cvae,test_c7_side-1_episode70201_no_switch,70201,False,16,0.09131986010196907,0.8095572341723013,0.09912290572572957
cvae,test_c7_side-1_episode70201_no_switch,70201,False,17,0.09254968232967069,0.813923720238236,0.09352659743209331
cvae,test_c7_side-1_episode70201_no_switch,70201,False,18,0.09424041039482514,0.8169570069000387,0.08880258270513613
cvae,test_c7_side-1_episode70201_no_switch,70201,False,19,0.09802060865177728,0.8203499454581469,0.08162944589007584
cvae,test_c7_side-1_episode70201_no_switch,70201,False,20,0.10053932127923,0.8228752631612236,0.07658541555954627
cvae,test_c7_side-1_episode70201_no_switch,70201,False,21,0.09952500597635809,0.828084225584046,0.072390768439596
cvae,test_c7_side-1_episode70201_no_switch,70201,False,22,0.09788210192067436,0.8339662371645566,0.06815166091476897
cvae,test_c7_side-1_episode70201_no_switch,70201,False,23,0.0956922156147278,0.841659319900783,0.06264846448448919
cvae,test_c7_side-1_episode70201_no_switch,70201,False,24,0.09425088525433988,0.847842725993304,0.05790638875235614
cvae,test_c7_side-1_episode70201_no_switch,70201,False,25,0.09391889657247926,0.8505494763539692,0.05553162707355154
cvae,test_c7_side-1_episode70201_no_switch,70201,False,26,0.09337218509084687,0.8551069905647452,0.0515208243444079
cvae,test_c7_side-1_episode70201_no_switch,70201,False,27,0.0815618801546051,0.872273790430945,0.046164329414449964
cvae,test_c7_side-1_episode70201_no_switch,70201,False,28,0.06800092509960837,0.8854110189912457,0.04658805590914586
cvae,test_c7_side-1_episode70201_no_switch,70201,False,29,0.058733848252223254,0.9008049557898431,0.04046119595793369
cvae,test_c7_side-1_episode70201_no_switch,70201,False,30,0.0679602655798617,0.8998080691626605,0.032231665257477816
cvae,test_c7_side-1_episode70201_switch_10,70201,True,0,0.3333333333333333,0.3333333333333333,0.3333333333333333
cvae,test_c7_side-1_episode70201_switch_10,70201,True,1,0.0012016972955135557,0.9976640189089433,0.0011342837955430392
cvae,test_c7_side-1_episode70201_switch_10,70201,True,2,0.0005305536507056067,0.9991684545641218,0.00030099178517245756
cvae,test_c7_side-1_episode70201_switch_10,70201,True,3,0.0030852966966728457,0.9938388158066835,0.003075887496643624
cvae,test_c7_side-1_episode70201_switch_10,70201,True,4,0.021016340827971734,0.9702963900891128,0.008687269082915321
cvae,test_c7_side-1_episode70201_switch_10,70201,True,5,0.02283910875060132,0.9595372534647862,0.017623637784612275
cvae,test_c7_side-1_episode70201_switch_10,70201,True,6,0.03923221720584234,0.9292883593223634,0.03147942347179437
cvae,test_c7_side-1_episode70201_switch_10,70201,True,7,0.05233368506298282,0.9013893646995642,0.04627695023745309
cvae,test_c7_side-1_episode70201_switch_10,70201,True,8,0.06376367503157211,0.8759547507214375,0.06028157424699054
cvae,test_c7_side-1_episode70201_switch_10,70201,True,9,0.07302054797021756,0.8544320626177225,0.07254738941205974
cvae,test_c7_side-1_episode70201_switch_10,70201,True,10,0.07932926926280277,0.8381414971309414,0.08252923360625582
cvae,test_c7_side-1_episode70201_switch_10,70201,True,11,0.0042523076760940005,0.6675484340732172,0.32819925825068885
cvae,test_c7_side-1_episode70201_switch_10,70201,True,12,0.00026620963953118826,0.5844593779890719,0.4152744123713969
cvae,test_c7_side-1_episode70201_switch_10,70201,True,13,3.769424311688448e-06,0.20755116738107768,0.7924450631946106
cvae,test_c7_side-1_episode70201_switch_10,70201,True,14,2.601637143937988e-10,0.000932734247497746,0.9990672654923385
cvae,test_c7_side-1_episode70201_switch_10,70201,True,15,4.730832218045715e-16,1.8101053199678999e-07,0.9999998189894675
cvae,test_c7_side-1_episode70201_switch_10,70201,True,16,2.8079067712868053e-22,4.921488219866846e-10,0.9999999995078511
cvae,test_c7_side-1_episode70201_switch_10,70201,True,17,1.7712684068777062e-30,3.3370568682486596e-14,0.9999999999999667
cvae,test_c7_side-1_episode70201_switch_10,70201,True,18,1.4067030423428408e-24,0.9999999999999998,2.5883289439731266e-16
cvae,test_c7_side-1_episode70201_switch_10,70201,True,19,0.9999999308550437,6.914495626564306e-08,4.396334007912062e-74
cvae,test_c7_side-1_episode70201_switch_10,70201,True,20,1.0,6.470650872000083e-55,9.850152047364778e-129
cvae,test_c7_side-1_episode70201_switch_10,70201,True,21,1.0,5.4047203097043717e-73,5.849883856802447e-152
cvae,test_c7_side-1_episode70201_switch_10,70201,True,22,1.0,6.678164603924369e-66,8.705154294158299e-148
cvae,test_c7_side-1_episode70201_switch_10,70201,True,23,1.0,4.719458386663966e-44,1.1352628037720733e-101
cvae,test_c7_side-1_episode70201_switch_10,70201,True,24,1.0,1.0168718244615967e-24,1.444975192249617e-60
cvae,test_c7_side-1_episode70201_switch_10,70201,True,25,1.0,1.1580013254190793e-21,2.8538740319438014e-50
cvae,test_c7_side-1_episode70201_switch_10,70201,True,26,0.9999999999999989,1.0069290763350616e-15,2.3935688797770846e-35
cvae,test_c7_side-1_episode70201_switch_10,70201,True,27,0.9999999999989964,1.0036671071137689e-12,1.538399297490066e-27
cvae,test_c7_side-1_episode70201_switch_10,70201,True,28,0.9999999998738052,1.261949432593928e-10,8.340289160759001e-23
cvae,test_c7_side-1_episode70201_switch_10,70201,True,29,0.9999999950348879,4.965112130304036e-09,8.977245135862005e-19
cvae,test_c7_side-1_episode70201_switch_10,70201,True,30,0.9999999706312159,2.9368784140454904e-08,5.187199698188424e-17
cvae,test_c7_side+1_episode72200_no_switch,72200,False,0,0.3333333333333333,0.3333333333333333,0.3333333333333333
cvae,test_c7_side+1_episode72200_no_switch,72200,False,1,0.0013390708309436584,0.9977029412617523,0.0009579879073039653
cvae,test_c7_side+1_episode72200_no_switch,72200,False,2,0.0007875491685938184,0.9986319141008685,0.0005805367305377403
cvae,test_c7_side+1_episode72200_no_switch,72200,False,3,0.002928933506534373,0.9902445147141699,0.006826551779295854
cvae,test_c7_side+1_episode72200_no_switch,72200,False,4,0.017444981699525255,0.973811010101392,0.008744008199082722
cvae,test_c7_side+1_episode72200_no_switch,72200,False,5,0.02061350312713876,0.97077942854825,0.008607068324611123
cvae,test_c7_side+1_episode72200_no_switch,72200,False,6,0.030165374788213146,0.9566262349018254,0.013208390309961416
cvae,test_c7_side+1_episode72200_no_switch,72200,False,7,0.03997954946704572,0.9394862338856009,0.02053421664735329
cvae,test_c7_side+1_episode72200_no_switch,72200,False,8,0.05156761310304567,0.9230094268833928,0.025422960013561556
cvae,test_c7_side+1_episode72200_no_switch,72200,False,9,0.06447695116546397,0.9049927447527673,0.030530304081768725
cvae,test_c7_side+1_episode72200_no_switch,72200,False,10,0.07695907556267043,0.8889524902702419,0.03408843416708761
cvae,test_c7_side+1_episode72200_no_switch,72200,False,11,0.08712300939182374,0.8753494471665649,0.037527543441611265
cvae,test_c7_side+1_episode72200_no_switch,72200,False,12,0.09376466336988928,0.8657055004331053,0.040529836197005356
cvae,test_c7_side+1_episode72200_no_switch,72200,False,13,0.09800670043313484,0.8589318532975277,0.0430614462693374
cvae,test_c7_side+1_episode72200_no_switch,72200,False,14,0.09909439928387247,0.8571118779141143,0.04379372280201323
cvae,test_c7_side+1_episode72200_no_switch,72200,False,15,0.09295682553504095,0.8611810273885234,0.04586214707643569
cvae,test_c7_side+1_episode72200_no_switch,72200,False,16,0.0861013208684554,0.8658226786898588,0.048076000441685744
cvae,test_c7_side+1_episode72200_no_switch,72200,False,17,0.07480424031951456,0.8733591968671922,0.05183656281329324
cvae,test_c7_side+1_episode72200_no_switch,72200,False,18,0.07021935843872099,0.8800208688704205,0.04975977269085849
cvae,test_c7_side+1_episode72200_no_switch,72200,False,19,0.06327697097286039,0.8858997042723374,0.050823324754802196
cvae,test_c7_side+1_episode72200_no_switch,72200,False,20,0.05921530194395775,0.888322540518756,0.05246215753728614
cvae,test_c7_side+1_episode72200_no_switch,72200,False,21,0.058963877923359685,0.8867636058610346,0.05427251621560576
cvae,test_c7_side+1_episode72200_no_switch,72200,False,22,0.05796030909236973,0.8880953629025223,0.053944328005108004
cvae,test_c7_side+1_episode72200_no_switch,72200,False,23,0.0593481874564841,0.885186271185423,0.05546554135809279
cvae,test_c7_side+1_episode72200_no_switch,72200,False,24,0.05482256126881085,0.8862032441574683,0.058974194573720835
cvae,test_c7_side+1_episode72200_no_switch,72200,False,25,0.04541732799262672,0.8914043376712423,0.06317833433613095
cvae,test_c7_side+1_episode72200_no_switch,72200,False,26,0.05106565529452741,0.8942245028301156,0.05470984187535707
cvae,test_c7_side+1_episode72200_no_switch,72200,False,27,0.057583556394045124,0.8946090906401378,0.04780735296581697
cvae,test_c7_side+1_episode72200_no_switch,72200,False,28,0.05648838680299932,0.9008542300973995,0.042657383099601084
cvae,test_c7_side+1_episode72200_no_switch,72200,False,29,0.049145490215526354,0.9125250291116394,0.038329480672834385
cvae,test_c7_side+1_episode72200_no_switch,72200,False,30,0.05889970527443771,0.9091407271135293,0.03195956761203285
cvae,test_c7_side+1_episode72200_switch_10,72200,True,0,0.3333333333333333,0.3333333333333333,0.3333333333333333
cvae,test_c7_side+1_episode72200_switch_10,72200,True,1,0.0013526785298097503,0.9976838160765034,0.0009635053936868545
cvae,test_c7_side+1_episode72200_switch_10,72200,True,2,0.000810995557496513,0.9985886163251427,0.0006003881173607928
cvae,test_c7_side+1_episode72200_switch_10,72200,True,3,0.0029895025451681006,0.9906344332122037,0.0063760642426282845
cvae,test_c7_side+1_episode72200_switch_10,72200,True,4,0.017121212657470623,0.9747307128246552,0.008148074517874276
cvae,test_c7_side+1_episode72200_switch_10,72200,True,5,0.02092075298183811,0.9705772321637267,0.008502014854435122
cvae,test_c7_side+1_episode72200_switch_10,72200,True,6,0.029285703945799033,0.9575500657495372,0.01316423030466366
cvae,test_c7_side+1_episode72200_switch_10,72200,True,7,0.03982950620101756,0.9406347221968998,0.019535771602082672
cvae,test_c7_side+1_episode72200_switch_10,72200,True,8,0.0520437908961208,0.9209720141768335,0.0269841949270458
cvae,test_c7_side+1_episode72200_switch_10,72200,True,9,0.06563743482830948,0.9036919642684774,0.03067060090321304
cvae,test_c7_side+1_episode72200_switch_10,72200,True,10,0.07890056778476745,0.8873243304956497,0.03377510171958289
cvae,test_c7_side+1_episode72200_switch_10,72200,True,11,0.01637221931786299,0.7606699489425525,0.2229578317395846
cvae,test_c7_side+1_episode72200_switch_10,72200,True,12,0.005164934688454895,0.8511793378302746,0.14365572748127056
cvae,test_c7_side+1_episode72200_switch_10,72200,True,13,0.0006033174981001939,0.9510773776546528,0.04831930484724709
cvae,test_c7_side+1_episode72200_switch_10,72200,True,14,4.831935187781321e-05,0.9639308174602134,0.03602086318790888
cvae,test_c7_side+1_episode72200_switch_10,72200,True,15,5.3189784733210555e-06,0.9147049229487294,0.08528975807279716
cvae,test_c7_side+1_episode72200_switch_10,72200,True,16,6.159864309957921e-07,0.9383332371256179,0.061666146887951086
cvae,test_c7_side+1_episode72200_switch_10,72200,True,17,5.068703462339578e-08,0.9457081117462813,0.05429183756668405
cvae,test_c7_side+1_episode72200_switch_10,72200,True,18,1.3504663905169102e-09,0.8894653185068786,0.11053468014265509
cvae,test_c7_side+1_episode72200_switch_10,72200,True,19,1.0,2.5964599430899466e-44,1.2590568064849066e-130
cvae,test_c7_side+1_episode72200_switch_10,72200,True,20,7.447497229116605e-35,2.5055088978770172e-29,1.0
cvae,test_c7_side+1_episode72200_switch_10,72200,True,21,7.234494857358859e-43,3.439537914818309e-22,1.0
cvae,test_c7_side+1_episode72200_switch_10,72200,True,22,0.9995417833666839,0.00045313416570328703,5.082467612917921e-06
cvae,test_c7_side+1_episode72200_switch_10,72200,True,23,5.111905560426728e-30,2.121167311170403e-11,0.9999999999787883
cvae,test_c7_side+1_episode72200_switch_10,72200,True,24,1.702034932338881e-64,3.406042853823781e-32,1.0
cvae,test_c7_side+1_episode72200_switch_10,72200,True,25,7.105628403474127e-85,1.725860596592873e-48,1.0
cvae,test_c7_side+1_episode72200_switch_10,72200,True,26,1.0843828391682532e-27,7.058751577548948e-26,1.0
cvae,test_c7_side+1_episode72200_switch_10,72200,True,27,1.9469175409619225e-18,3.9595091449996073e-19,1.0
cvae,test_c7_side+1_episode72200_switch_10,72200,True,28,2.615675119395035e-14,6.001609043201599e-14,0.9999999999999138
cvae,test_c7_side+1_episode72200_switch_10,72200,True,29,0.9998377054086683,4.510838912621585e-07,0.00016184350744047977
cvae,test_c7_side+1_episode72200_switch_10,72200,True,30,0.9999999999991425,8.575811289898917e-13,1.0774804094280252e-19
cvae,test_c7_side+1_episode72201_no_switch,72201,False,0,0.3333333333333333,0.3333333333333333,0.3333333333333333
cvae,test_c7_side+1_episode72201_no_switch,72201,False,1,0.001219423126814141,0.9979135428116729,0.0008670340615130942
cvae,test_c7_side+1_episode72201_no_switch,72201,False,2,0.00048635120478518294,0.9991763602497363,0.0003372885454785115
cvae,test_c7_side+1_episode72201_no_switch,72201,False,3,0.003321840973505592,0.9910413534906347,0.005636805535859657
cvae,test_c7_side+1_episode72201_no_switch,72201,False,4,0.021369741686608955,0.9642355921279805,0.014394666185410614
cvae,test_c7_side+1_episode72201_no_switch,72201,False,5,0.031482855967424825,0.9532587136326958,0.015258430399879438
cvae,test_c7_side+1_episode72201_no_switch,72201,False,6,0.03636419113575266,0.9440639820930643,0.019571826771182937
cvae,test_c7_side+1_episode72201_no_switch,72201,False,7,0.04323176307470474,0.9307390523356498,0.0260291845896456
cvae,test_c7_side+1_episode72201_no_switch,72201,False,8,0.053086196989503294,0.9138001446882058,0.03311365832229097
cvae,test_c7_side+1_episode72201_no_switch,72201,False,9,0.06351683343511087,0.8975892438564208,0.038893922708468365
cvae,test_c7_side+1_episode72201_no_switch,72201,False,10,0.07659320257467529,0.8809808061449401,0.042425991280384504
cvae,test_c7_side+1_episode72201_no_switch,72201,False,11,0.0855889216379153,0.8683862196034068,0.046024858758677865
cvae,test_c7_side+1_episode72201_no_switch,72201,False,12,0.09483968535159677,0.8564046601889267,0.04875565445947654
cvae,test_c7_side+1_episode72201_no_switch,72201,False,13,0.09693282101681532,0.8526289536387655,0.05043822534441917
cvae,test_c7_side+1_episode72201_no_switch,72201,False,14,0.09415989129143135,0.8524967639434529,0.05334334476511572
cvae,test_c7_side+1_episode72201_no_switch,72201,False,15,0.0910716291697067,0.8546943406769767,0.05423403015331663
cvae,test_c7_side+1_episode72201_no_switch,72201,False,16,0.08375264854211982,0.8606114110349332,0.05563594042294704
cvae,test_c7_side+1_episode72201_no_switch,72201,False,17,0.07602070298395594,0.8657610769073116,0.05821822010873236
cvae,test_c7_side+1_episode72201_no_switch,72201,False,18,0.06943296611265731,0.8698077137402116,0.06075932014713113
cvae,test_c7_side+1_episode72201_no_switch,72201,False,19,0.06689937034310128,0.8734453835719804,0.05965524608491823
cvae,test_c7_side+1_episode72201_no_switch,72201,False,20,0.06185580725654226,0.87755656641503,0.06058762632842781
cvae,test_c7_side+1_episode72201_no_switch,72201,False,21,0.058026399566160805,0.8807285407689761,0.06124505966486303
cvae,test_c7_side+1_episode72201_no_switch,72201,False,22,0.05593137957040938,0.8827780139336477,0.06129060649594292
cvae,test_c7_side+1_episode72201_no_switch,72201,False,23,0.0585555373398823,0.8803930010922594,0.06105146156785834
cvae,test_c7_side+1_episode72201_no_switch,72201,False,24,0.06195826701155705,0.8779650397141027,0.060076693274340266
cvae,test_c7_side+1_episode72201_no_switch,72201,False,25,0.06272826409062436,0.8751095276662428,0.06216220824313292
cvae,test_c7_side+1_episode72201_no_switch,72201,False,26,0.06304542342168216,0.8699246226798261,0.06702995389849171
cvae,test_c7_side+1_episode72201_no_switch,72201,False,27,0.07173158063460892,0.8592157653394963,0.06905265402589489
cvae,test_c7_side+1_episode72201_no_switch,72201,False,28,0.07897065101682184,0.8548148739611704,0.06621447502200781
cvae,test_c7_side+1_episode72201_no_switch,72201,False,29,0.07064613475768422,0.8720029256600482,0.05735093958226764
cvae,test_c7_side+1_episode72201_no_switch,72201,False,30,0.06147189071803811,0.8768148471441766,0.061713262137785274
cvae,test_c7_side+1_episode72201_switch_10,72201,True,0,0.3333333333333333,0.3333333333333333,0.3333333333333333
cvae,test_c7_side+1_episode72201_switch_10,72201,True,1,0.0012373480628302695,0.9975646944855298,0.0011979574516399964
cvae,test_c7_side+1_episode72201_switch_10,72201,True,2,0.0004919033993311693,0.9991498704783623,0.00035822612230647637
cvae,test_c7_side+1_episode72201_switch_10,72201,True,3,0.002985204249491729,0.9915307780790734,0.005484017671434934
cvae,test_c7_side+1_episode72201_switch_10,72201,True,4,0.021456789526839406,0.9645742885836597,0.013968921889500887
cvae,test_c7_side+1_episode72201_switch_10,72201,True,5,0.030373192110747255,0.9528913278181242,0.016735480071128347
cvae,test_c7_side+1_episode72201_switch_10,72201,True,6,0.03751373515489656,0.9410049327444087,0.021481332100694864
cvae,test_c7_side+1_episode72201_switch_10,72201,True,7,0.043578670585743925,0.9288867041476139,0.027534625266642174
cvae,test_c7_side+1_episode72201_switch_10,72201,True,8,0.05197370889273443,0.9152774780548107,0.032748813052454764
cvae,test_c7_side+1_episode72201_switch_10,72201,True,9,0.06397973177485829,0.9008800259778592,0.03514024224728256
cvae,test_c7_side+1_episode72201_switch_10,72201,True,10,0.07264308515348974,0.8877843053160421,0.03957260953046818
cvae,test_c7_side+1_episode72201_switch_10,72201,True,11,0.013616578975261695,0.7588119443214358,0.2275714767033024
cvae,test_c7_side+1_episode72201_switch_10,72201,True,12,0.0035091053163408274,0.8130532058066354,0.1834376888770238
cvae,test_c7_side+1_episode72201_switch_10,72201,True,13,0.0003602330848877511,0.913892390830107,0.08574737608500514
cvae,test_c7_side+1_episode72201_switch_10,72201,True,14,1.7167770487842795e-05,0.8250176921009186,0.1749651401285936
cvae,test_c7_side+1_episode72201_switch_10,72201,True,15,1.0391487036818758e-06,0.3909677998631998,0.6090311609880965
cvae,test_c7_side+1_episode72201_switch_10,72201,True,16,8.76864007803915e-08,0.17836348693747717,0.821636425376122
cvae,test_c7_side+1_episode72201_switch_10,72201,True,17,3.97740364758494e-09,0.042559724647299554,0.9574402713752967
cvae,test_c7_side+1_episode72201_switch_10,72201,True,18,3.5584818068685465e-12,0.0010006169860497741,0.9989993830103917
cvae,test_c7_side+1_episode72201_switch_10,72201,True,19,1.0,2.2550526808285587e-58,4.456599226484307e-161
cvae,test_c7_side+1_episode72201_switch_10,72201,True,20,1.1340538829898832e-26,8.0446168172503535e-22,1.0
cvae,test_c7_side+1_episode72201_switch_10,72201,True,21,3.7905666799652987e-39,4.276679749466673e-19,1.0
cvae,test_c7_side+1_episode72201_switch_10,72201,True,22,5.0348279294887664e-06,0.0035903371492159923,0.9964046280228546
cvae,test_c7_side+1_episode72201_switch_10,72201,True,23,3.8901991874517683e-41,6.748957110353262e-16,0.9999999999999993
cvae,test_c7_side+1_episode72201_switch_10,72201,True,24,9.201006261401698e-72,4.2105986857315497e-35,1.0
cvae,test_c7_side+1_episode72201_switch_10,72201,True,25,8.267815734179421e-97,5.068051383653542e-59,1.0
cvae,test_c7_side+1_episode72201_switch_10,72201,True,26,2.273715483397711e-23,7.652438299243006e-28,1.0
cvae,test_c7_side+1_episode72201_switch_10,72201,True,27,7.542265734853001e-17,1.4873618875068909e-22,1.0
cvae,test_c7_side+1_episode72201_switch_10,72201,True,28,8.228102746605507e-16,3.805088045928457e-14,0.9999999999999611
cvae,test_c7_side+1_episode72201_switch_10,72201,True,29,0.9999999637893259,3.620517556545694e-08,5.498568320597454e-12
cvae,test_c7_side+1_episode72201_switch_10,72201,True,30,0.9999999997094827,2.9051662403140253e-10,6.267065229670713e-16
flow_matching,test_c1_side-1_episode10200_no_switch,10200,False,0,0.3333333333333333,0.3333333333333333,0.3333333333333333
flow_matching,test_c1_side-1_episode10200_no_switch,10200,False,1,0.004386880589051607,0.990819767183698,0.004793352227250426
flow_matching,test_c1_side-1_episode10200_no_switch,10200,False,2,0.016068862849369345,0.9805642417939712,0.0033668953566595157
flow_matching,test_c1_side-1_episode10200_no_switch,10200,False,3,0.03663899698138744,0.9566130455721364,0.006747957446476151
flow_matching,test_c1_side-1_episode10200_no_switch,10200,False,4,0.0359496121286481,0.9578024096078251,0.006247978263526839
flow_matching,test_c1_side-1_episode10200_no_switch,10200,False,5,0.027443025537227876,0.9603784754095755,0.01217849905319664
flow_matching,test_c1_side-1_episode10200_no_switch,10200,False,6,0.025566258476501215,0.952204157423218,0.022229584100280825
flow_matching,test_c1_side-1_episode10200_no_switch,10200,False,7,0.029005926553055502,0.9348603839523071,0.036133689494637355
flow_matching,test_c1_side-1_episode10200_no_switch,10200,False,8,0.03573550980388088,0.9141690507336475,0.05009543946247148
flow_matching,test_c1_side-1_episode10200_no_switch,10200,False,9,0.039942297823876025,0.8943974581801647,0.06566024399595935
flow_matching,test_c1_side-1_episode10200_no_switch,10200,False,10,0.04338403955810104,0.8724636959567428,0.08415226448515621
flow_matching,test_c1_side-1_episode10200_no_switch,10200,False,11,0.04562960716424631,0.8496950023941462,0.10467539044160751
flow_matching,test_c1_side-1_episode10200_no_switch,10200,False,12,0.04970779342151964,0.8272261177214096,0.1230660888570707
flow_matching,test_c1_side-1_episode10200_no_switch,10200,False,13,0.05443836933233818,0.8068267291486267,0.13873490151903511
flow_matching,test_c1_side-1_episode10200_no_switch,10200,False,14,0.05225425074616257,0.7950741490100693,0.15267160024376802
flow_matching,test_c1_side-1_episode10200_no_switch,10200,False,15,0.04961734559251812,0.7938611478347151,0.15652150657276692
flow_matching,test_c1_side-1_episode10200_no_switch,10200,False,16,0.04964528837521516,0.7935951622537599,0.15675954937102501
flow_matching,test_c1_side-1_episode10200_no_switch,10200,False,17,0.045625122659689425,0.8160510607875122,0.13832381655279827
flow_matching,test_c1_side-1_episode10200_no_switch,10200,False,18,0.039151083484203805,0.8419084698955459,0.11894044662025033
flow_matching,test_c1_side-1_episode10200_no_switch,10200,False,19,0.033596672224943794,0.863100723751315,0.1033026040237413
flow_matching,test_c1_side-1_episode10200_no_switch,10200,False,20,0.028287882484138136,0.8958698012828439,0.07584231623301806
flow_matching,test_c1_side-1_episode10200_no_switch,10200,False,21,0.02748910617201249,0.9340831397445294,0.03842775408345816
flow_matching,test_c1_side-1_episode10200_no_switch,10200,False,22,0.024979649763787685,0.9387366379462342,0.03628371228997817
flow_matching,test_c1_side-1_episode10200_no_switch,10200,False,23,0.02729546467241485,0.9478907295854277,0.02481380574215754
flow_matching,test_c1_side-1_episode10200_no_switch,10200,False,24,0.02281762893608558,0.9624070564875201,0.014775314576394322
flow_matching,test_c1_side-1_episode10200_no_switch,10200,False,25,0.027004216863557147,0.9628561023394528,0.010139680796990092
flow_matching,test_c1_side-1_episode10200_no_switch,10200,False,26,0.02313076110781247,0.9665496654379432,0.01031957345424442
flow_matching,test_c1_side-1_episode10200_no_switch,10200,False,27,0.023307742021099354,0.9643736312996984,0.012318626679202038
flow_matching,test_c1_side-1_episode10200_no_switch,10200,False,28,0.02814231906853336,0.949022898037265,0.022834782894201662
flow_matching,test_c1_side-1_episode10200_no_switch,10200,False,29,0.03625795210542917,0.9414613194060084,0.022280728488562395
flow_matching,test_c1_side-1_episode10200_no_switch,10200,False,30,0.04341693699433041,0.9303279879908014,0.026255075014868012
flow_matching,test_c1_side-1_episode10200_switch_10,10200,True,0,0.3333333333333333,0.3333333333333333,0.3333333333333333
flow_matching,test_c1_side-1_episode10200_switch_10,10200,True,1,0.003927382810207422,0.9919298666837955,0.004142750505997156
flow_matching,test_c1_side-1_episode10200_switch_10,10200,True,2,0.01369927508739918,0.9825438282190133,0.003756896693587485
flow_matching,test_c1_side-1_episode10200_switch_10,10200,True,3,0.03676384253007378,0.9560284947991567,0.007207662670769401
flow_matching,test_c1_side-1_episode10200_switch_10,10200,True,4,0.03248081002238382,0.9599308577572365,0.007588332220379603
flow_matching,test_c1_side-1_episode10200_switch_10,10200,True,5,0.02002760386789658,0.9634066547221607,0.016565741409942766
flow_matching,test_c1_side-1_episode10200_switch_10,10200,True,6,0.021733042460040354,0.9517556799758374,0.026511277564122217
flow_matching,test_c1_side-1_episode10200_switch_10,10200,True,7,0.0308923241749549,0.9330873852496672,0.036020290575378
flow_matching,test_c1_side-1_episode10200_switch_10,10200,True,8,0.03554689476308611,0.9156022814663438,0.048850823770570206
flow_matching,test_c1_side-1_episode10200_switch_10,10200,True,9,0.039488741206800425,0.8947824222451347,0.06572883654806477
flow_matching,test_c1_side-1_episode10200_switch_10,10200,True,10,0.040714827276767084,0.8727289495578813,0.08655622316535176
flow_matching,test_c1_side-1_episode10200_switch_10,10200,True,11,0.005188172507761946,0.7543167310261245,0.2404950964661136
flow_matching,test_c1_side-1_episode10200_switch_10,10200,True,12,0.0008674785736943719,0.702256467619387,0.2968760538069186
flow_matching,test_c1_side-1_episode10200_switch_10,10200,True,13,2.7459248806729406e-05,0.46193929838280573,0.5380332423683876
flow_matching,test_c1_side-1_episode10200_switch_10,10200,True,14,1.252958388224907e-07,0.026628785705737557,0.9733710889984236
flow_matching,test_c1_side-1_episode10200_switch_10,10200,True,15,6.775288459572071e-11,0.00013161891862045386,0.9998683810136266
flow_matching,test_c1_side-1_episode10200_switch_10,10200,True,16,2.7915962769882828e-14,3.7223778924986216e-06,0.9999962776220795
flow_matching,test_c1_side-1_episode10200_switch_10,10200,True,17,6.659020968537075e-19,1.9408601040058978e-08,0.9999999805913989
flow_matching,test_c1_side-1_episode10200_switch_10,10200,True,18,8.424381393505344e-39,4.423419147173369e-15,0.9999999999999956
flow_matching,test_c1_side-1_episode10200_switch_10,10200,True,19,1.3213417739395903e-16,0.9999998508677295,1.4913227050836616e-07
flow_matching,test_c1_side-1_episode10200_switch_10,10200,True,20,6.148158691154735e-11,0.9827925861086779,0.0172074138298404
flow_matching,test_c1_side-1_episode10200_switch_10,10200,True,21,2.0722444946405892e-11,2.9707831385720924e-05,0.9999702921478919
flow_matching,test_c1_side-1_episode10200_switch_10,10200,True,22,1.0175772942092947e-06,2.954589585003053e-05,0.9999694365268558
flow_matching,test_c1_side-1_episode10200_switch_10,10200,True,23,2.460062452309168e-05,7.040508213283016e-05,0.9999049942933441
flow_matching,test_c1_side-1_episode10200_switch_10,10200,True,24,7.997292679514928e-05,0.000500630032683182,0.9994193970405216
flow_matching,test_c1_side-1_episode10200_switch_10,10200,True,25,0.23503766345453708,0.11969193030468367,0.6452704062407794
flow_matching,test_c1_side-1_episode10200_switch_10,10200,True,26,0.8730909445297624,0.11446078287171285,0.012448272598524606
flow_matching,test_c1_side-1_episode10200_switch_10,10200,True,27,0.8556282717576539,0.13326837840884587,0.011103349833500328
flow_matching,test_c1_side-1_episode10200_switch_10,10200,True,28,0.9133383301105674,0.08172696454607982,0.0049347053433527145
flow_matching,test_c1_side-1_episode10200_switch_10,10200,True,29,0.9859913949268777,0.013640415661028766,0.00036818941209351756
flow_matching,test_c1_side-1_episode10200_switch_10,10200,True,30,0.9908982010001659,0.00835145595190622,0.0007503430479279285
flow_matching,test_c1_side-1_episode10201_no_switch,10201,False,0,0.3333333333333333,0.3333333333333333,0.3333333333333333
flow_matching,test_c1_side-1_episode10201_no_switch,10201,False,1,0.0073770208784773635,0.9866510045885369,0.005971974532985713
flow_matching,test_c1_side-1_episode10201_no_switch,10201,False,2,0.016549434270296474,0.9778416818245699,0.005608883905133686
flow_matching,test_c1_side-1_episode10201_no_switch,10201,False,3,0.03153134519327107,0.961788119232777,0.006680535573951876
flow_matching,test_c1_side-1_episode10201_no_switch,10201,False,4,0.026440428686839695,0.9674145699369135,0.006145001376246829
flow_matching,test_c1_side-1_episode10201_no_switch,10201,False,5,0.018297515741651078,0.9661193447230948,0.015583139535254208
flow_matching,test_c1_side-1_episode10201_no_switch,10201,False,6,0.020636866640362805,0.9510713494982065,0.028291783861430723
flow_matching,test_c1_side-1_episode10201_no_switch,10201,False,7,0.025965969308370945,0.9270276522279912,0.047006378463637935
flow_matching,test_c1_side-1_episode10201_no_switch,10201,False,8,0.033530172600314774,0.9012535703457502,0.06521625705393506
flow_matching,test_c1_side-1_episode10201_no_switch,10201,False,9,0.040116641161614335,0.8749135713176583,0.08496978752072737
flow_matching,test_c1_side-1_episode10201_no_switch,10201,False,10,0.04421969619948974,0.8490209886322676,0.10675931516824273
flow_matching,test_c1_side-1_episode10201_no_switch,10201,False,11,0.045136025680513565,0.8248612325902952,0.13000274172919127
flow_matching,test_c1_side-1_episode10201_no_switch,10201,False,12,0.05145517559555943,0.8049826508447295,0.14356217355971107
flow_matching,test_c1_side-1_episode10201_no_switch,10201,False,13,0.05168693038758253,0.7940646922141307,0.15424837739828678
flow_matching,test_c1_side-1_episode10201_no_switch,10201,False,14,0.050651262607020235,0.793169579543973,0.1561791578490066
flow_matching,test_c1_side-1_episode10201_no_switch,10201,False,15,0.05494766847796681,0.802220810408979,0.14283152111305428
flow_matching,test_c1_side-1_episode10201_no_switch,10201,False,16,0.051284299085381214,0.8290314151603885,0.11968428575423029
flow_matching,test_c1_side-1_episode10201_no_switch,10201,False,17,0.04983269308820646,0.8530827236215547,0.09708458329023885
flow_matching,test_c1_side-1_episode10201_no_switch,10201,False,18,0.04364150214299533,0.888153749910464,0.06820474794654059
flow_matching,test_c1_side-1_episode10201_no_switch,10201,False,19,0.03942802047385507,0.921456874326645,0.039115105199499865
flow_matching,test_c1_side-1_episode10201_no_switch,10201,False,20,0.03214937797301485,0.9345239526164258,0.03332666941055932
flow_matching,test_c1_side-1_episode10201_no_switch,10201,False,21,0.027318167365546802,0.9494360840092421,0.023245748625211036
flow_matching,test_c1_side-1_episode10201_no_switch,10201,False,22,0.024881004601853062,0.9590191828518938,0.016099812546253145
flow_matching,test_c1_side-1_episode10201_no_switch,10201,False,23,0.023426729526478226,0.9671089848587491,0.00946428561477262
flow_matching,test_c1_side-1_episode10201_no_switch,10201,False,24,0.028241246045846054,0.9604008096212611,0.011357944332892802
flow_matching,test_c1_side-1_episode10201_no_switch,10201,False,25,0.03573980884396682,0.9523416120024937,0.011918579153539477
flow_matching,test_c1_side-1_episode10201_no_switch,10201,False,26,0.03905006428783172,0.9435601530586809,0.017389782653487392
flow_matching,test_c1_side-1_episode10201_no_switch,10201,False,27,0.04202873066111867,0.9302844535114029,0.02768681582747843
flow_matching,test_c1_side-1_episode10201_no_switch,10201,False,28,0.05131663763947203,0.9195187351061677,0.029164627254360316
flow_matching,test_c1_side-1_episode10201_no_switch,10201,False,29,0.055040570673989396,0.9068002150065071,0.03815921431950357
flow_matching,test_c1_side-1_episode10201_no_switch,10201,False,30,0.062916748324112,0.8977954195903942,0.03928783208549385
flow_matching,test_c1_side-1_episode10201_switch_10,10201,True,0,0.3333333333333333,0.3333333333333333,0.3333333333333333
flow_matching,test_c1_side-1_episode10201_switch_10,10201,True,1,0.005235359771508892,0.983994827148101,0.010769813080390092
flow_matching,test_c1_side-1_episode10201_switch_10,10201,True,2,0.013833735837182925,0.9797886981650735,0.0063775659977436
flow_matching,test_c1_side-1_episode10201_switch_10,10201,True,3,0.028402288780957925,0.9645844519037848,0.007013259315257354
flow_matching,test_c1_side-1_episode10201_switch_10,10201,True,4,0.026273063794554147,0.9679061898174889,0.0058207463879569816
flow_matching,test_c1_side-1_episode10201_switch_10,10201,True,5,0.019679190963466524,0.9651966514605704,0.01512415757596298
flow_matching,test_c1_side-1_episode10201_switch_10,10201,True,6,0.021403837864993766,0.9509515685237272,0.02764459361127911
flow_matching,test_c1_side-1_episode10201_switch_10,10201,True,7,0.025407060501522354,0.9274492977943509,0.04714364170412681
flow_matching,test_c1_side-1_episode10201_switch_10,10201,True,8,0.030939740698786876,0.9018833169833714,0.06717694231784163
flow_matching,test_c1_side-1_episode10201_switch_10,10201,True,9,0.04108809874030696,0.8745789379241234,0.08433296333556944
flow_matching,test_c1_side-1_episode10201_switch_10,10201,True,10,0.04541995102844555,0.8475609503928597,0.10701909857869467
flow_matching,test_c1_side-1_episode10201_switch_10,10201,True,11,0.008233333034637347,0.7791295409158002,0.21263712604956247
flow_matching,test_c1_side-1_episode10201_switch_10,10201,True,12,0.0013422885370834958,0.7609563594201837,0.23770135204273277
flow_matching,test_c1_side-1_episode10201_switch_10,10201,True,13,9.505883496850215e-05,0.5976805975690774,0.402224343595954
flow_matching,test_c1_side-1_episode10201_switch_10,10201,True,14,5.023729844745884e-07,0.06611508820157978,0.9338844094254357
flow_matching,test_c1_side-1_episode10201_switch_10,10201,True,15,4.035138585758522e-10,0.00047663098772090997,0.9995233686087652
flow_matching,test_c1_side-1_episode10201_switch_10,10201,True,16,3.3924484852998933e-13,1.106037890116633e-05,0.9999889396207596
flow_matching,test_c1_side-1_episode10201_switch_10,10201,True,17,9.930330415884283e-17,2.413477825176205e-07,0.9999997586522174
flow_matching,test_c1_side-1_episode10201_switch_10,10201,True,18,7.291781663099624e-35,5.924428534236956e-15,0.9999999999999941
flow_matching,test_c1_side-1_episode10201_switch_10,10201,True,19,9.894200953034321e-23,0.0003039939292534383,0.9996960060707466
flow_matching,test_c1_side-1_episode10201_switch_10,10201,True,20,5.010233484006463e-10,0.00714740993918183,0.9928525895597948
flow_matching,test_c1_side-1_episode10201_switch_10,10201,True,21,1.661525243741307e-14,1.170959919564754e-09,0.9999999988290235
flow_matching,test_c1_side-1_episode10201_switch_10,10201,True,22,1.683302152971278e-10,2.9434182607599784e-08,0.9999999703974872
flow_matching,test_c1_side-1_episode10201_switch_10,10201,True,23,2.951385435252813e-07,1.2644328230558714e-06,0.9999984404286335
flow_matching,test_c1_side-1_episode10201_switch_10,10201,True,24,6.199652625572133e-05,0.00010637518187795284,0.9998316282918663
flow_matching,test_c1_side-1_episode10201_switch_10,10201,True,25,0.0044719752293814995,0.009590938194694313,0.9859370865759242
flow_matching,test_c1_side-1_episode10201_switch_10,10201,True,26,0.003880139017298813,0.016757503033011344,0.9793623579496898
flow_matching,test_c1_side-1_episode10201_switch_10,10201,True,27,0.4998660015849213,0.20560110162914244,0.2945328967859362
flow_matching,test_c1_side-1_episode10201_switch_10,10201,True,28,0.9736521707001122,0.025803333152946754,0.0005444961469408619
flow_matching,test_c1_side-1_episode10201_switch_10,10201,True,29,0.9921171996516271,0.0075843849514652855,0.0002984153969074694
flow_matching,test_c1_side-1_episode10201_switch_10,10201,True,30,0.9989598735257185,0.001013158171090821,2.696830319060254e-05
flow_matching,test_c1_side+1_episode12200_no_switch,12200,False,0,0.3333333333333333,0.3333333333333333,0.3333333333333333
flow_matching,test_c1_side+1_episode12200_no_switch,12200,False,1,0.01616343805768038,0.9740835961491308,0.00975296579318881
flow_matching,test_c1_side+1_episode12200_no_switch,12200,False,2,0.019258270199373526,0.9713939789120175,0.009347750888608848
flow_matching,test_c1_side+1_episode12200_no_switch,12200,False,3,0.019618742728572107,0.972415651455535,0.00796560581589292
flow_matching,test_c1_side+1_episode12200_no_switch,12200,False,4,0.013929047835708593,0.9785096454060724,0.007561306758218997
flow_matching,test_c1_side+1_episode12200_no_switch,12200,False,5,0.01750766053355406,0.9706469613877874,0.01184537807865864
flow_matching,test_c1_side+1_episode12200_no_switch,12200,False,6,0.03591762668088317,0.9418594397116308,0.022222933607485944
flow_matching,test_c1_side+1_episode12200_no_switch,12200,False,7,0.05167609182655829,0.9157429991121792,0.032580909061262465
flow_matching,test_c1_side+1_episode12200_no_switch,12200,False,8,0.06628969743859649,0.8950568833313125,0.038653419230090885
flow_matching,test_c1_side+1_episode12200_no_switch,12200,False,9,0.07545810483133236,0.8773221768372862,0.04721971833138141
flow_matching,test_c1_side+1_episode12200_no_switch,12200,False,10,0.0877443047387796,0.8606327868115423,0.05162290844967799
flow_matching,test_c1_side+1_episode12200_no_switch,12200,False,11,0.09418759913920999,0.8497209159507529,0.05609148491003702
flow_matching,test_c1_side+1_episode12200_no_switch,12200,False,12,0.10280728789041582,0.8423322780245958,0.054860434084988474
flow_matching,test_c1_side+1_episode12200_no_switch,12200,False,13,0.10741643687526989,0.833900567913502,0.05868299521122813
flow_matching,test_c1_side+1_episode12200_no_switch,12200,False,14,0.1165446408977072,0.8277378097808553,0.05571754932143753
flow_matching,test_c1_side+1_episode12200_no_switch,12200,False,15,0.11599632098872645,0.822416303048136,0.06158737596313771
flow_matching,test_c1_side+1_episode12200_no_switch,12200,False,16,0.11717866661328376,0.8168940547443809,0.06592727864233534
flow_matching,test_c1_side+1_episode12200_no_switch,12200,False,17,0.11558319484969896,0.8157414967734027,0.06867530837689834
flow_matching,test_c1_side+1_episode12200_no_switch,12200,False,18,0.1124514409917082,0.8170117313243767,0.07053682768391493
flow_matching,test_c1_side+1_episode12200_no_switch,12200,False,19,0.11440888526726904,0.8169605363152387,0.06863057841749225
flow_matching,test_c1_side+1_episode12200_no_switch,12200,False,20,0.11891517481401549,0.8158818694493477,0.06520295573663677
flow_matching,test_c1_side+1_episode12200_no_switch,12200,False,21,0.11661884094835899,0.8151786773301956,0.06820248172144543
flow_matching,test_c1_side+1_episode12200_no_switch,12200,False,22,0.1180283117365792,0.8134351869186472,0.06853650134477356
flow_matching,test_c1_side+1_episode12200_no_switch,12200,False,23,0.11906728134498702,0.8158966951327387,0.06503602352227426
flow_matching,test_c1_side+1_episode12200_no_switch,12200,False,24,0.10615931217495074,0.8213090592898431,0.07253162853520617
flow_matching,test_c1_side+1_episode12200_no_switch,12200,False,25,0.10208665822101826,0.8092786493111329,0.08863469246784875
flow_matching,test_c1_side+1_episode12200_no_switch,12200,False,26,0.09761764263131577,0.8007183417756903,0.10166401559299391
flow_matching,test_c1_side+1_episode12200_no_switch,12200,False,27,0.0852113515641263,0.8028203248438143,0.11196832359205951
flow_matching,test_c1_side+1_episode12200_no_switch,12200,False,28,0.06818826818054012,0.8010035677334111,0.13080816408604878
flow_matching,test_c1_side+1_episode12200_no_switch,12200,False,29,0.05965224780649681,0.7985206401971564,0.14182711199634682
flow_matching,test_c1_side+1_episode12200_no_switch,12200,False,30,0.05318754407902299,0.7967026066615811,0.1501098492593959
flow_matching,test_c1_side+1_episode12200_switch_10,12200,True,0,0.3333333333333333,0.3333333333333333,0.3333333333333333
flow_matching,test_c1_side+1_episode12200_switch_10,12200,True,1,0.012388176344839082,0.9792352859593051,0.008376537695855718
flow_matching,test_c1_side+1_episode12200_switch_10,12200,True,2,0.022524908657494947,0.9711335178067921,0.006341573535713024
flow_matching,test_c1_side+1_episode12200_switch_10,12200,True,3,0.019480996280595842,0.9734492901415452,0.007069713577858875
flow_matching,test_c1_side+1_episode12200_switch_10,12200,True,4,0.01167110903523447,0.9787921545516582,0.009536736413107238
flow_matching,test_c1_side+1_episode12200_switch_10,12200,True,5,0.017190439463665705,0.9704173081247534,0.012392252411580951
flow_matching,test_c1_side+1_episode12200_switch_10,12200,True,6,0.032762474878061304,0.9424418620230632,0.024795663098875445
flow_matching,test_c1_side+1_episode12200_switch_10,12200,True,7,0.05069796370719695,0.9144789652225591,0.03482307107024391
flow_matching,test_c1_side+1_episode12200_switch_10,12200,True,8,0.0664257976388454,0.8944275097642153,0.03914669259693915
flow_matching,test_c1_side+1_episode12200_switch_10,12200,True,9,0.07665944607223142,0.8775366579014758,0.04580389602629281
flow_matching,test_c1_side+1_episode12200_switch_10,12200,True,10,0.08523204725278988,0.8640014031406185,0.05076654960659172
flow_matching,test_c1_side+1_episode12200_switch_10,12200,True,11,0.00892024246533553,0.5102581200913038,0.4808216374433607
flow_matching,test_c1_side+1_episode12200_switch_10,12200,True,12,0.0009799265191136777,0.3155801731957664,0.68343990028512
flow_matching,test_c1_side+1_episode12200_switch_10,12200,True,13,1.3178028494608638e-05,0.08878420760556836,0.9112026143659371
flow_matching,test_c1_side+1_episode12200_switch_10,12200,True,14,1.2742049576104321e-09,0.00047989845124674763,0.9995201002745482
flow_matching,test_c1_side+1_episode12200_switch_10,12200,True,15,9.797709403925296e-14,6.386610417046397e-07,0.9999993613388604
flow_matching,test_c1_side+1_episode12200_switch_10,12200,True,16,1.7536453401233443e-18,3.733326351446157e-09,0.9999999962666737
flow_matching,test_c1_side+1_episode12200_switch_10,12200,True,17,1.6947533726517356e-22,4.565279147693492e-12,0.9999999999954348
flow_matching,test_c1_side+1_episode12200_switch_10,12200,True,18,4.3135307051843746e-13,0.9999999906454786,9.354090111737375e-09
flow_matching,test_c1_side+1_episode12200_switch_10,12200,True,19,0.9999869074057701,1.309259378059858e-05,4.492334014149062e-13
flow_matching,test_c1_side+1_episode12200_switch_10,12200,True,20,0.998855326826783,0.001099326426760572,4.534674645641336e-05
flow_matching,test_c1_side+1_episode12200_switch_10,12200,True,21,0.018397745302550228,0.10396639438734172,0.877635860310108
flow_matching,test_c1_side+1_episode12200_switch_10,12200,True,22,4.0511403504112703e-07,0.002045902861697002,0.997953692024268
flow_matching,test_c1_side+1_episode12200_switch_10,12200,True,23,2.809666813202463e-20,1.8934396249926635e-12,0.9999999999981065
flow_matching,test_c1_side+1_episode12200_switch_10,12200,True,24,5.902481713579018e-21,4.650789385682846e-16,0.9999999999999996
flow_matching,test_c1_side+1_episode12200_switch_10,12200,True,25,0.9949958159858187,0.0005000111853176995,0.0045041728288635835
flow_matching,test_c1_side+1_episode12200_switch_10,12200,True,26,0.9999769229141539,1.4793950726997416e-05,8.283135119162617e-06
flow_matching,test_c1_side+1_episode12200_switch_10,12200,True,27,0.9999883628436638,1.1304625493807882e-05,3.3253084238704e-07
flow_matching,test_c1_side+1_episode12200_switch_10,12200,True,28,0.9999526225240764,4.411056561340602e-05,3.266910310223309e-06
flow_matching,test_c1_side+1_episode12200_switch_10,12200,True,29,0.9999754408278341,2.4206161243109832e-05,3.530109228207283e-07
flow_matching,test_c1_side+1_episode12200_switch_10,12200,True,30,0.9997583342263502,0.00021214050673643695,2.95252669133457e-05
flow_matching,test_c1_side+1_episode12201_no_switch,12201,False,0,0.3333333333333333,0.3333333333333333,0.3333333333333333
flow_matching,test_c1_side+1_episode12201_no_switch,12201,False,1,0.01361823575636017,0.9699629926033869,0.016418771640252947
flow_matching,test_c1_side+1_episode12201_no_switch,12201,False,2,0.015816026856380384,0.9717734245407742,0.012410548602845349
flow_matching,test_c1_side+1_episode12201_no_switch,12201,False,3,0.013930027185296337,0.9799332838663596,0.006136688948344068
flow_matching,test_c1_side+1_episode12201_no_switch,12201,False,4,0.008741818098809992,0.9841171056447061,0.007141076256483807
flow_matching,test_c1_side+1_episode12201_no_switch,12201,False,5,0.01414876342073867,0.9733067492021538,0.012544487377107569
flow_matching,test_c1_side+1_episode12201_no_switch,12201,False,6,0.03144724307757643,0.9429907578604557,0.025561999061967815
flow_matching,test_c1_side+1_episode12201_no_switch,12201,False,7,0.05261549183463209,0.9143051265400758,0.033079381625292094
flow_matching,test_c1_side+1_episode12201_no_switch,12201,False,8,0.06506803033139022,0.8949403539726385,0.03999161569597133
flow_matching,test_c1_side+1_episode12201_no_switch,12201,False,9,0.07375398827857195,0.8789437500639924,0.047302261657435694
flow_matching,test_c1_side+1_episode12201_no_switch,12201,False,10,0.08577758395165515,0.8686784889626022,0.04554392708574249
flow_matching,test_c1_side+1_episode12201_no_switch,12201,False,11,0.09635454824485551,0.8557474968930389,0.047897954862105595
flow_matching,test_c1_side+1_episode12201_no_switch,12201,False,12,0.103704910374679,0.8486953188235432,0.04759977080177776
flow_matching,test_c1_side+1_episode12201_no_switch,12201,False,13,0.11280505518832058,0.8382886670286172,0.048906277783062294
flow_matching,test_c1_side+1_episode12201_no_switch,12201,False,14,0.11669124908591273,0.8313186770757695,0.051990073838317934
flow_matching,test_c1_side+1_episode12201_no_switch,12201,False,15,0.12026717988841376,0.8228630100135524,0.056869810098033796
flow_matching,test_c1_side+1_episode12201_no_switch,12201,False,16,0.12379371988039876,0.8187702563668756,0.05743602375272571
flow_matching,test_c1_side+1_episode12201_no_switch,12201,False,17,0.12789496062050923,0.8130983574766295,0.05900668190286125
flow_matching,test_c1_side+1_episode12201_no_switch,12201,False,18,0.12393708019346508,0.815951590892031,0.060111328914503805
flow_matching,test_c1_side+1_episode12201_no_switch,12201,False,19,0.12012790022925908,0.8164784753457541,0.06339362442498676
flow_matching,test_c1_side+1_episode12201_no_switch,12201,False,20,0.114411803305854,0.8191662334828508,0.06642196321129519
flow_matching,test_c1_side+1_episode12201_no_switch,12201,False,21,0.11520618993737139,0.8168665598923992,0.06792725017022948
flow_matching,test_c1_side+1_episode12201_no_switch,12201,False,22,0.10794802735436719,0.8208218599805673,0.0712301126650653
flow_matching,test_c1_side+1_episode12201_no_switch,12201,False,23,0.10827336418543064,0.8241357476007364,0.06759088821383294
flow_matching,test_c1_side+1_episode12201_no_switch,12201,False,24,0.10753233406388547,0.8232549687473444,0.06921269718877011
flow_matching,test_c1_side+1_episode12201_no_switch,12201,False,25,0.10537255887144363,0.8268199715375517,0.06780746959100455
flow_matching,test_c1_side+1_episode12201_no_switch,12201,False,26,0.1001563079151906,0.8322425180002521,0.06760117408455732
flow_matching,test_c1_side+1_episode12201_no_switch,12201,False,27,0.0999748571442371,0.8222058120719618,0.07781933078380132
flow_matching,test_c1_side+1_episode12201_no_switch,12201,False,28,0.09597003046286312,0.8152976107483995,0.08873235878873748
flow_matching,test_c1_side+1_episode12201_no_switch,12201,False,29,0.083766466769423,0.8162879447618744,0.09994558846870248
flow_matching,test_c1_side+1_episode12201_no_switch,12201,False,30,0.07209909601940799,0.8157424505544916,0.11215845342610044
flow_matching,test_c1_side+1_episode12201_switch_10,12201,True,0,0.3333333333333333,0.3333333333333333,0.3333333333333333
flow_matching,test_c1_side+1_episode12201_switch_10,12201,True,1,0.018605096442304823,0.9718637062863618,0.009531197271333473
flow_matching,test_c1_side+1_episode12201_switch_10,12201,True,2,0.02268757277501329,0.969359188817952,0.007953238407034614
flow_matching,test_c1_side+1_episode12201_switch_10,12201,True,3,0.013208790087367653,0.9797478273714557,0.007043382541176651
flow_matching,test_c1_side+1_episode12201_switch_10,12201,True,4,0.008357341608007622,0.9841498159877269,0.007492842404265424
flow_matching,test_c1_side+1_episode12201_switch_10,12201,True,5,0.01338896640064693,0.9741396721909835,0.012471361408369543
flow_matching,test_c1_side+1_episode12201_switch_10,12201,True,6,0.031237119769641986,0.9426859918297502,0.02607688840060787
flow_matching,test_c1_side+1_episode12201_switch_10,12201,True,7,0.049576951718226236,0.915329838960272,0.03509320932150182
flow_matching,test_c1_side+1_episode12201_switch_10,12201,True,8,0.0661045123201301,0.8957198002906442,0.03817568738922573
flow_matching,test_c1_side+1_episode12201_switch_10,12201,True,9,0.08024620333535877,0.8782021984320393,0.04155159823260187
flow_matching,test_c1_side+1_episode12201_switch_10,12201,True,10,0.08708876431551937,0.8642431769056698,0.04866805877881074
flow_matching,test_c1_side+1_episode12201_switch_10,12201,True,11,0.007925495140929082,0.5222535984515803,0.4698209064074907
flow_matching,test_c1_side+1_episode12201_switch_10,12201,True,12,0.0007544827064410289,0.32408341505726046,0.6751621022362986
flow_matching,test_c1_side+1_episode12201_switch_10,12201,True,13,1.1102190938460008e-05,0.1074652064232217,0.8925236913858399
flow_matching,test_c1_side+1_episode12201_switch_10,12201,True,14,1.0879371105963073e-09,0.0006184555519288834,0.999381543360134
flow_matching,test_c1_side+1_episode12201_switch_10,12201,True,15,3.842372427020461e-14,4.785968194673345e-07,0.9999995214031421
flow_matching,test_c1_side+1_episode12201_switch_10,12201,True,16,2.7242754418929466e-18,3.2356570639040804e-09,0.9999999967643429
flow_matching,test_c1_side+1_episode12201_switch_10,12201,True,17,2.017384006702971e-23,3.150707956726475e-12,0.9999999999968493
flow_matching,test_c1_side+1_episode12201_switch_10,12201,True,18,8.077421750190261e-14,0.9999999978892057,2.1107135147636444e-09
flow_matching,test_c1_side+1_episode12201_switch_10,12201,True,19,0.9999949777828528,5.022217147109789e-06,4.545869540974681e-17
flow_matching,test_c1_side+1_episode12201_switch_10,12201,True,20,0.9998793079200842,0.00011853622989851058,2.1558500173123974e-06
flow_matching,test_c1_side+1_episode12201_switch_10,12201,True,21,0.8079694693655806,0.08663826308970589,0.1053922675447135
flow_matching,test_c1_side+1_episode12201_switch_10,12201,True,22,1.0246497406593513e-06,0.004548201841855792,0.9954507735084035
flow_matching,test_c1_side+1_episode12201_switch_10,12201,True,23,9.653498688361796e-18,3.094638129033372e-11,0.9999999999690536
flow_matching,test_c1_side+1_episode12201_switch_10,12201,True,24,2.798708573948383e-06,3.1918951910570053e-09,0.9999971980995308
flow_matching,test_c1_side+1_episode12201_switch_10,12201,True,25,0.13064080101760314,0.00042737273589354903,0.8689318262465032
flow_matching,test_c1_side+1_episode12201_switch_10,12201,True,26,0.9993584460417761,6.441317003044196e-05,0.0005771407881933281
flow_matching,test_c1_side+1_episode12201_switch_10,12201,True,27,0.999917812426068,6.187816220096125e-05,2.0309411731034745e-05
flow_matching,test_c1_side+1_episode12201_switch_10,12201,True,28,0.9999989792996198,9.342508874265153e-07,8.644949284196178e-08
flow_matching,test_c1_side+1_episode12201_switch_10,12201,True,29,0.9999827874896186,1.6443350022148816e-05,7.69160359316952e-07
flow_matching,test_c1_side+1_episode12201_switch_10,12201,True,30,0.998839849636285,0.0010103988207758809,0.00014975154293916902
flow_matching,test_c4_side-1_episode40200_no_switch,40200,False,0,0.3333333333333333,0.3333333333333333,0.3333333333333333
flow_matching,test_c4_side-1_episode40200_no_switch,40200,False,1,0.0030508842826055815,0.992577842010957,0.004371273706437403
flow_matching,test_c4_side-1_episode40200_no_switch,40200,False,2,0.012714342899650823,0.9831079027013212,0.004177754399028038
flow_matching,test_c4_side-1_episode40200_no_switch,40200,False,3,0.0351053777564177,0.9561392526587749,0.008755369584807528
flow_matching,test_c4_side-1_episode40200_no_switch,40200,False,4,0.03806487076368669,0.9534389328609997,0.00849619637531367
flow_matching,test_c4_side-1_episode40200_no_switch,40200,False,5,0.027444290929847237,0.9540633727934288,0.018492336276724038
flow_matching,test_c4_side-1_episode40200_no_switch,40200,False,6,0.032244758307883085,0.9398676826920902,0.02788755900002666
flow_matching,test_c4_side-1_episode40200_no_switch,40200,False,7,0.03810935072029096,0.9229582959878501,0.03893235329185893
flow_matching,test_c4_side-1_episode40200_no_switch,40200,False,8,0.037089952127888175,0.9082673170132322,0.0546427308588797
flow_matching,test_c4_side-1_episode40200_no_switch,40200,False,9,0.04374237006244906,0.8906545065594426,0.06560312337810845
flow_matching,test_c4_side-1_episode40200_no_switch,40200,False,10,0.04679614925634339,0.8739630895324761,0.07924076121118039
flow_matching,test_c4_side-1_episode40200_no_switch,40200,False,11,0.050290178351993474,0.8565017634259172,0.0932080582220893
flow_matching,test_c4_side-1_episode40200_no_switch,40200,False,12,0.05188528758281361,0.8394947769286557,0.10861993548853059
flow_matching,test_c4_side-1_episode40200_no_switch,40200,False,13,0.052685706661931134,0.8263470470670017,0.12096724627106714
flow_matching,test_c4_side-1_episode40200_no_switch,40200,False,14,0.0556689008287145,0.8122813449282044,0.13204975424308113
flow_matching,test_c4_side-1_episode40200_no_switch,40200,False,15,0.05531413613671132,0.8047952957433476,0.13989056811994108
flow_matching,test_c4_side-1_episode40200_no_switch,40200,False,16,0.057311471302255244,0.7979815641844582,0.14470696451328655
flow_matching,test_c4_side-1_episode40200_no_switch,40200,False,17,0.05681590598181674,0.7998536693027137,0.1433304247154696
flow_matching,test_c4_side-1_episode40200_no_switch,40200,False,18,0.0493575164637466,0.8056100658093193,0.1450324177269341
flow_matching,test_c4_side-1_episode40200_no_switch,40200,False,19,0.045004295507214784,0.8196680078404716,0.13532769665231362
flow_matching,test_c4_side-1_episode40200_no_switch,40200,False,20,0.044661546187333166,0.832556400973114,0.12278205283955283
flow_matching,test_c4_side-1_episode40200_no_switch,40200,False,21,0.043293003810730236,0.8492585551156981,0.1074484410735716
flow_matching,test_c4_side-1_episode40200_no_switch,40200,False,22,0.03838339969317635,0.8706572679652322,0.09095933234159141
flow_matching,test_c4_side-1_episode40200_no_switch,40200,False,23,0.03268704378806452,0.8957032135194114,0.0716097426925241
flow_matching,test_c4_side-1_episode40200_no_switch,40200,False,24,0.035168379346489885,0.9037088430902688,0.06112277756324131
flow_matching,test_c4_side-1_episode40200_no_switch,40200,False,25,0.031897066058131085,0.9191027254402571,0.04900020850161183
flow_matching,test_c4_side-1_episode40200_no_switch,40200,False,26,0.027208847516233724,0.9318967478603992,0.04089440462336707
flow_matching,test_c4_side-1_episode40200_no_switch,40200,False,27,0.025561053897425526,0.9371577255787789,0.03728122052379552
flow_matching,test_c4_side-1_episode40200_no_switch,40200,False,28,0.027102618784525703,0.9311128895260268,0.041784491689447575
flow_matching,test_c4_side-1_episode40200_no_switch,40200,False,29,0.034238582184086305,0.9350060214733548,0.030755396342558892
flow_matching,test_c4_side-1_episode40200_no_switch,40200,False,30,0.03940754835599273,0.9378094476186519,0.022783004025355325
flow_matching,test_c4_side-1_episode40200_switch_10,40200,True,0,0.3333333333333333,0.3333333333333333,0.3333333333333333
flow_matching,test_c4_side-1_episode40200_switch_10,40200,True,1,0.004585206107595336,0.9925263639158974,0.0028884299765071916
flow_matching,test_c4_side-1_episode40200_switch_10,40200,True,2,0.012193358193322958,0.9834424287174313,0.0043642130892458785
flow_matching,test_c4_side-1_episode40200_switch_10,40200,True,3,0.03453255472471441,0.9563778508594617,0.009089594415823979
flow_matching,test_c4_side-1_episode40200_switch_10,40200,True,4,0.03424221264225423,0.9567492561063147,0.009008531251431069
flow_matching,test_c4_side-1_episode40200_switch_10,40200,True,5,0.02387930920600792,0.957618057927135,0.01850263286685709
flow_matching,test_c4_side-1_episode40200_switch_10,40200,True,6,0.028702580525072227,0.9425638286915347,0.028733590783392986
flow_matching,test_c4_side-1_episode40200_switch_10,40200,True,7,0.03348090398751267,0.9253676156458234,0.04115148036666405
flow_matching,test_c4_side-1_episode40200_switch_10,40200,True,8,0.039821554045027414,0.90772089227796,0.0524575536770127
flow_matching,test_c4_side-1_episode40200_switch_10,40200,True,9,0.04495584050151162,0.8905505036548731,0.06449365584361512
flow_matching,test_c4_side-1_episode40200_switch_10,40200,True,10,0.0509110605079002,0.8728148962777115,0.0762740432143884
flow_matching,test_c4_side-1_episode40200_switch_10,40200,True,11,0.002989710967771551,0.6940585348224837,0.3029517542097447
flow_matching,test_c4_side-1_episode40200_switch_10,40200,True,12,0.00034145770239187695,0.580937379619265,0.4187211626783432
flow_matching,test_c4_side-1_episode40200_switch_10,40200,True,13,6.8743226123858394e-06,0.24028384747883536,0.7597092781985523
flow_matching,test_c4_side-1_episode40200_switch_10,40200,True,14,3.8185185834715505e-09,0.002188254135349381,0.997811742046132
flow_matching,test_c4_side-1_episode40200_switch_10,40200,True,15,2.0930822419810914e-13,2.5486340916207423e-06,0.9999974513656991
flow_matching,test_c4_side-1_episode40200_switch_10,40200,True,16,2.9402907112502785e-17,4.012076264846326e-08,0.9999999598792373
flow_matching,test_c4_side-1_episode40200_switch_10,40200,True,17,1.9746698305141863e-23,2.5690271248533768e-11,0.9999999999743097
flow_matching,test_c4_side-1_episode40200_switch_10,40200,True,18,3.938390674736276e-31,2.470488041389032e-07,0.9999997529511958
flow_matching,test_c4_side-1_episode40200_switch_10,40200,True,19,2.6365853228628754e-05,0.9999736341467713,3.042358297448716e-27
flow_matching,test_c4_side-1_episode40200_switch_10,40200,True,20,1.4412063153095806e-06,0.7718743981155961,0.22812416067808855
flow_matching,test_c4_side-1_episode40200_switch_10,40200,True,21,1.039867397276625e-08,0.00034123019891011406,0.999658759402416
flow_matching,test_c4_side-1_episode40200_switch_10,40200,True,22,5.686460187233504e-07,3.696403647429305e-05,0.9999624673175069
flow_matching,test_c4_side-1_episode40200_switch_10,40200,True,23,9.894689147524274e-05,0.0010341986117205226,0.9988668544968042
flow_matching,test_c4_side-1_episode40200_switch_10,40200,True,24,0.03291512423340987,0.1073814015639256,0.8597034742026645
flow_matching,test_c4_side-1_episode40200_switch_10,40200,True,25,0.8764544967772838,0.11988496602595261,0.0036605371967635427
flow_matching,test_c4_side-1_episode40200_switch_10,40200,True,26,0.9828713251988807,0.016972331991233887,0.00015634280988552246
flow_matching,test_c4_side-1_episode40200_switch_10,40200,True,27,0.9987483161229858,0.001242446507165952,9.23736984831387e-06
flow_matching,test_c4_side-1_episode40200_switch_10,40200,True,28,0.9953934021900273,0.004340260511510675,0.0002663372984619414
flow_matching,test_c4_side-1_episode40200_switch_10,40200,True,29,0.9974057465679868,0.0024693749468340776,0.00012487848517913667
flow_matching,test_c4_side-1_episode40200_switch_10,40200,True,30,0.9970341221232879,0.002759311745091702,0.00020656613162043245
flow_matching,test_c4_side-1_episode40201_no_switch,40201,False,0,0.3333333333333333,0.3333333333333333,0.3333333333333333
flow_matching,test_c4_side-1_episode40201_no_switch,40201,False,1,0.010093045166580208,0.9724946253856368,0.01741232944778306
flow_matching,test_c4_side-1_episode40201_no_switch,40201,False,2,0.011363913044590387,0.9770877016254262,0.011548385329983374
flow_matching,test_c4_side-1_episode40201_no_switch,40201,False,3,0.019812846698852,0.9739674189109506,0.006219734390197448
flow_matching,test_c4_side-1_episode40201_no_switch,40201,False,4,0.01721864574043004,0.9779509711452042,0.004830383114365747
flow_matching,test_c4_side-1_episode40201_no_switch,40201,False,5,0.01848157714857841,0.9680284358123007,0.013489987039120932
flow_matching,test_c4_side-1_episode40201_no_switch,40201,False,6,0.02806261445639413,0.9384961083675349,0.03344127717607104
flow_matching,test_c4_side-1_episode40201_no_switch,40201,False,7,0.03803338257308631,0.9122371959805287,0.04972942144638514
flow_matching,test_c4_side-1_episode40201_no_switch,40201,False,8,0.048324692458681595,0.8881960644682321,0.06347924307308637
flow_matching,test_c4_side-1_episode40201_no_switch,40201,False,9,0.046054180969394336,0.8706639315874499,0.0832818874431557
flow_matching,test_c4_side-1_episode40201_no_switch,40201,False,10,0.04830849341401535,0.8536077509414357,0.09808375564454894
flow_matching,test_c4_side-1_episode40201_no_switch,40201,False,11,0.04832166263577399,0.8365241869172818,0.1151541504469442
flow_matching,test_c4_side-1_episode40201_no_switch,40201,False,12,0.050707303920580045,0.820318205776208,0.12897449030321192
flow_matching,test_c4_side-1_episode40201_no_switch,40201,False,13,0.053524593524126834,0.8049730029473167,0.14150240352855661
flow_matching,test_c4_side-1_episode40201_no_switch,40201,False,14,0.05431714765861738,0.7939590913911173,0.1517237609502653
flow_matching,test_c4_side-1_episode40201_no_switch,40201,False,15,0.059280928260419544,0.7862469958040785,0.15447207593550188
flow_matching,test_c4_side-1_episode40201_no_switch,40201,False,16,0.054500821475459045,0.7844191001012524,0.16108007842328856
flow_matching,test_c4_side-1_episode40201_no_switch,40201,False,17,0.05394024462655666,0.7879595618845693,0.15810019348887397
flow_matching,test_c4_side-1_episode40201_no_switch,40201,False,18,0.056085658919418094,0.7875087053988511,0.15640563568173074
flow_matching,test_c4_side-1_episode40201_no_switch,40201,False,19,0.05334931044381264,0.7889445334802314,0.15770615607595603
flow_matching,test_c4_side-1_episode40201_no_switch,40201,False,20,0.05738257142970579,0.8011167990506691,0.14150062951962517
flow_matching,test_c4_side-1_episode40201_no_switch,40201,False,21,0.05741891943919995,0.8164307846849985,0.12615029587580154
flow_matching,test_c4_side-1_episode40201_no_switch,40201,False,22,0.04863555483280747,0.8421480389593594,0.1092164062078332
flow_matching,test_c4_side-1_episode40201_no_switch,40201,False,23,0.042273707166144085,0.8648471823335846,0.09287911050027127
flow_matching,test_c4_side-1_episode40201_no_switch,40201,False,24,0.0402812601829695,0.8790116763771314,0.08070706343989907
flow_matching,test_c4_side-1_episode40201_no_switch,40201,False,25,0.03808980687912826,0.8942452182683133,0.06766497485255843
flow_matching,test_c4_side-1_episode40201_no_switch,40201,False,26,0.0368780556275387,0.9039258900749088,0.05919605429755254
flow_matching,test_c4_side-1_episode40201_no_switch,40201,False,27,0.03754249027939436,0.9090566666562201,0.05340084306438557
flow_matching,test_c4_side-1_episode40201_no_switch,40201,False,28,0.04218680317488288,0.9180744047227916,0.03973879210232551
flow_matching,test_c4_side-1_episode40201_no_switch,40201,False,29,0.045535158708166136,0.9218147813621352,0.03265005992969866
flow_matching,test_c4_side-1_episode40201_no_switch,40201,False,30,0.047368213388061846,0.9300702415417434,0.02256154507019475
flow_matching,test_c4_side-1_episode40201_switch_10,40201,True,0,0.3333333333333333,0.3333333333333333,0.3333333333333333
flow_matching,test_c4_side-1_episode40201_switch_10,40201,True,1,0.01714707620332536,0.9696621246187223,0.013190799177952293
flow_matching,test_c4_side-1_episode40201_switch_10,40201,True,2,0.01326547561840662,0.9775314559085303,0.009203068473062969
flow_matching,test_c4_side-1_episode40201_switch_10,40201,True,3,0.024319329285832643,0.969998482090998,0.005682188623169407
flow_matching,test_c4_side-1_episode40201_switch_10,40201,True,4,0.021369022968166344,0.9744521055875093,0.00417887144432433
flow_matching,test_c4_side-1_episode40201_switch_10,40201,True,5,0.0185891449163813,0.9669504987261258,0.014460356357492779
flow_matching,test_c4_side-1_episode40201_switch_10,40201,True,6,0.032292127773538765,0.9358851709745528,0.03182270125190841
flow_matching,test_c4_side-1_episode40201_switch_10,40201,True,7,0.041821169729736575,0.9100427728455901,0.048136057424673376
flow_matching,test_c4_side-1_episode40201_switch_10,40201,True,8,0.045952561230322306,0.8877976731304635,0.06624976563921407
flow_matching,test_c4_side-1_episode40201_switch_10,40201,True,9,0.049721709250258116,0.8681622611583447,0.08211602959139712
flow_matching,test_c4_side-1_episode40201_switch_10,40201,True,10,0.047844121295593435,0.8520427793612965,0.10011309934311018
flow_matching,test_c4_side-1_episode40201_switch_10,40201,True,11,0.004922487091349055,0.6809764506102789,0.3141010622983722
flow_matching,test_c4_side-1_episode40201_switch_10,40201,True,12,0.0006340352577426179,0.6097086855253185,0.38965727921693893
flow_matching,test_c4_side-1_episode40201_switch_10,40201,True,13,1.051900987816936e-05,0.2743620782933715,0.7256274026967503
flow_matching,test_c4_side-1_episode40201_switch_10,40201,True,14,7.212707006460001e-09,0.003630875781160756,0.9963691170061322
flow_matching,test_c4_side-1_episode40201_switch_10,40201,True,15,1.7416361589108145e-12,7.158922773087216e-06,0.9999928410754853
flow_matching,test_c4_side-1_episode40201_switch_10,40201,True,16,7.874775487909535e-17,5.407852828547133e-08,0.9999999459214717
flow_matching,test_c4_side-1_episode40201_switch_10,40201,True,17,1.2136520378773478e-20,3.2686864513034525e-10,0.9999999996731312
flow_matching,test_c4_side-1_episode40201_switch_10,40201,True,18,6.899439861318355e-37,1.6367424723341503e-11,0.9999999999836326
flow_matching,test_c4_side-1_episode40201_switch_10,40201,True,19,1.0790720379876223e-07,0.9999998920927962,1.6500355484151042e-22
flow_matching,test_c4_side-1_episode40201_switch_10,40201,True,20,1.343418947064462e-07,0.869266246419354,0.13073361923875115
flow_matching,test_c4_side-1_episode40201_switch_10,40201,True,21,1.8471359433235739e-09,0.00033153621867637996,0.9996684619341877
flow_matching,test_c4_side-1_episode40201_switch_10,40201,True,22,0.0006372413824033192,0.0040320777424856236,0.995330680875111
flow_matching,test_c4_side-1_episode40201_switch_10,40201,True,23,0.2561564953330524,0.0610398744984649,0.6828036301684828
flow_matching,test_c4_side-1_episode40201_switch_10,40201,True,24,0.8993688856667046,0.08331622426432907,0.017314890068966388
flow_matching,test_c4_side-1_episode40201_switch_10,40201,True,25,0.9905066115457708,0.009470702532010078,2.268592221914752e-05
flow_matching,test_c4_side-1_episode40201_switch_10,40201,True,26,0.9990431971305168,0.0009535525362066064,3.2503332765148965e-06
flow_matching,test_c4_side-1_episode40201_switch_10,40201,True,27,0.9990207049468843,0.0009720300960299364,7.264957085592222e-06
flow_matching,test_c4_side-1_episode40201_switch_10,40201,True,28,0.9981125658597559,0.0018140003455313118,7.343379471270378e-05
flow_matching,test_c4_side-1_episode40201_switch_10,40201,True,29,0.9957255794891459,0.0039042806731113475,0.00037013983774277805
flow_matching,test_c4_side-1_episode40201_switch_10,40201,True,30,0.9962844541320809,0.003382740387182432,0.0003328054807367029
flow_matching,test_c4_side+1_episode42200_no_switch,42200,False,0,0.3333333333333333,0.3333333333333333,0.3333333333333333
flow_matching,test_c4_side+1_episode42200_no_switch,42200,False,1,0.011933837850930825,0.9802465941012332,0.00781956804783598
flow_matching,test_c4_side+1_episode42200_no_switch,42200,False,2,0.017255265189785814,0.9760376560042363,0.006707078805977928
flow_matching,test_c4_side+1_episode42200_no_switch,42200,False,3,0.009073249752088534,0.9834392913717603,0.0074874588761510465
flow_matching,test_c4_side+1_episode42200_no_switch,42200,False,4,0.007972227207153376,0.9824290447438739,0.009598728048972625
flow_matching,test_c4_side+1_episode42200_no_switch,42200,False,5,0.014179577919853139,0.9736762080478693,0.012144214032277539
flow_matching,test_c4_side+1_episode42200_no_switch,42200,False,6,0.0298600431095171,0.9494767420464258,0.020663214844057146
flow_matching,test_c4_side+1_episode42200_no_switch,42200,False,7,0.048294561211278834,0.924210040218934,0.02749539856978714
flow_matching,test_c4_side+1_episode42200_no_switch,42200,False,8,0.07182132021565397,0.899787784071626,0.028390895712720056
flow_matching,test_c4_side+1_episode42200_no_switch,42200,False,9,0.09336445460690179,0.8750569477103197,0.03157859768277847
flow_matching,test_c4_side+1_episode42200_no_switch,42200,False,10,0.10994539867394246,0.8538642812287676,0.036190320097290105
flow_matching,test_c4_side+1_episode42200_no_switch,42200,False,11,0.12931886911573995,0.8310931765503574,0.03958795433390275
flow_matching,test_c4_side+1_episode42200_no_switch,42200,False,12,0.14334002485793018,0.8128743624025828,0.04378561273948699
flow_matching,test_c4_side+1_episode42200_no_switch,42200,False,13,0.1570537340393712,0.7962842862171857,0.046661979743443015
flow_matching,test_c4_side+1_episode42200_no_switch,42200,False,14,0.1650774193505843,0.7860825872264899,0.048839993422925776
flow_matching,test_c4_side+1_episode42200_no_switch,42200,False,15,0.16762238761358678,0.7833400752728574,0.04903753711355592
flow_matching,test_c4_side+1_episode42200_no_switch,42200,False,16,0.17090980578886839,0.7789328443771767,0.05015734983395487
flow_matching,test_c4_side+1_episode42200_no_switch,42200,False,17,0.1622267448323,0.7863684179109351,0.05140483725676489
flow_matching,test_c4_side+1_episode42200_no_switch,42200,False,18,0.15368523678924875,0.7942331419636317,0.052081621247119576
flow_matching,test_c4_side+1_episode42200_no_switch,42200,False,19,0.14094773837949878,0.8069052137270781,0.05214704789342312
flow_matching,test_c4_side+1_episode42200_no_switch,42200,False,20,0.125678445641259,0.8194406822226622,0.05488087213607887
flow_matching,test_c4_side+1_episode42200_no_switch,42200,False,21,0.1115566974441708,0.8312632543418484,0.057180048213980754
flow_matching,test_c4_side+1_episode42200_no_switch,42200,False,22,0.09147636041438015,0.8530496852743765,0.055473954311243384
flow_matching,test_c4_side+1_episode42200_no_switch,42200,False,23,0.07637951370178683,0.8691082182670008,0.05451226803121237
flow_matching,test_c4_side+1_episode42200_no_switch,42200,False,24,0.06590071626275275,0.8852381899215079,0.04886109381573925
flow_matching,test_c4_side+1_episode42200_no_switch,42200,False,25,0.05394653874323709,0.9020507301787141,0.044002731078048786
flow_matching,test_c4_side+1_episode42200_no_switch,42200,False,26,0.04934772751414702,0.9059602996332209,0.04469197285263214
flow_matching,test_c4_side+1_episode42200_no_switch,42200,False,27,0.046982739268490926,0.9061250840329638,0.0468921766985453
flow_matching,test_c4_side+1_episode42200_no_switch,42200,False,28,0.03532768396000744,0.9071305556624241,0.05754176037756851
flow_matching,test_c4_side+1_episode42200_no_switch,42200,False,29,0.039239115671884914,0.8978218461531156,0.06293903817499963
flow_matching,test_c4_side+1_episode42200_no_switch,42200,False,30,0.03540595690412031,0.8798553538150152,0.08473868928086442
flow_matching,test_c4_side+1_episode42200_switch_10,42200,True,0,0.3333333333333333,0.3333333333333333,0.3333333333333333
flow_matching,test_c4_side+1_episode42200_switch_10,42200,True,1,0.013335304685640448,0.9796604995367408,0.007004195777618743
flow_matching,test_c4_side+1_episode42200_switch_10,42200,True,2,0.016962866091683414,0.9760023803194349,0.007034753588881729
flow_matching,test_c4_side+1_episode42200_switch_10,42200,True,3,0.009212986199288871,0.9831767581937731,0.007610255606937955
flow_matching,test_c4_side+1_episode42200_switch_10,42200,True,4,0.007588390304372766,0.9834303720896314,0.00898123760599587
flow_matching,test_c4_side+1_episode42200_switch_10,42200,True,5,0.014923866669957583,0.9731407402875276,0.01193539304251482
flow_matching,test_c4_side+1_episode42200_switch_10,42200,True,6,0.03194683720902728,0.9473649463687962,0.02068821642217642
flow_matching,test_c4_side+1_episode42200_switch_10,42200,True,7,0.05017388308560269,0.9219786762283828,0.027847440686014416
flow_matching,test_c4_side+1_episode42200_switch_10,42200,True,8,0.06949016073650316,0.8975283463568369,0.032981492906660005
flow_matching,test_c4_side+1_episode42200_switch_10,42200,True,9,0.09080288884236658,0.8718236175959472,0.03737349356168623
flow_matching,test_c4_side+1_episode42200_switch_10,42200,True,10,0.10947419102645525,0.8513289188213483,0.03919689015219652
flow_matching,test_c4_side+1_episode42200_switch_10,42200,True,11,0.027678214061898423,0.6396962792178489,0.3326255067202527
flow_matching,test_c4_side+1_episode42200_switch_10,42200,True,12,0.004366773677754528,0.5076274627393398,0.48800576358290576
flow_matching,test_c4_side+1_episode42200_switch_10,42200,True,13,0.00015972656607499196,0.24779128744773374,0.7520489859861912
flow_matching,test_c4_side+1_episode42200_switch_10,42200,True,14,3.4003383797505563e-07,0.0044272594579510185,0.995572400508211
flow_matching,test_c4_side+1_episode42200_switch_10,42200,True,15,4.3886735086507767e-10,1.1460609137522106e-05,0.9999885389519951
flow_matching,test_c4_side+1_episode42200_switch_10,42200,True,16,1.6432244946771062e-12,5.816388808727804e-07,0.9999994183594759
flow_matching,test_c4_side+1_episode42200_switch_10,42200,True,17,8.727885509173118e-16,4.971703433604665e-09,0.9999999950282956
flow_matching,test_c4_side+1_episode42200_switch_10,42200,True,18,5.745230485528152e-12,4.6347462858312925e-06,0.999995365247969
flow_matching,test_c4_side+1_episode42200_switch_10,42200,True,19,1.0,8.305410619821098e-25,2.4829155596458902e-61
flow_matching,test_c4_side+1_episode42200_switch_10,42200,True,20,0.9996643397472489,0.0003174621821324029,1.819807061878673e-05
flow_matching,test_c4_side+1_episode42200_switch_10,42200,True,21,0.8808289328268633,0.09758222399053273,0.02158884318260401
flow_matching,test_c4_side+1_episode42200_switch_10,42200,True,22,0.9150623622433831,0.06812504330483668,0.01681259445178021
flow_matching,test_c4_side+1_episode42200_switch_10,42200,True,23,1.727893859495582e-16,6.021983883319028e-06,0.9999939780161166
flow_matching,test_c4_side+1_episode42200_switch_10,42200,True,24,1.0602131226846566e-31,4.566634735271891e-18,1.0
flow_matching,test_c4_side+1_episode42200_switch_10,42200,True,25,7.675356935366259e-21,4.557834189770478e-20,1.0
flow_matching,test_c4_side+1_episode42200_switch_10,42200,True,26,0.9999864424184618,2.1432408573567252e-08,1.3536149129650535e-05
flow_matching,test_c4_side+1_episode42200_switch_10,42200,True,27,0.9999509843676965,1.1357395661131716e-05,3.7658236642394385e-05
flow_matching,test_c4_side+1_episode42200_switch_10,42200,True,28,0.999999665480372,3.093745751084963e-07,2.5145053009503973e-08
flow_matching,test_c4_side+1_episode42200_switch_10,42200,True,29,0.9964689161868623,0.00012927584044195213,0.0034018079726957223
flow_matching,test_c4_side+1_episode42200_switch_10,42200,True,30,0.9999842201984737,1.5005534333663949e-05,7.742671926172777e-07
flow_matching,test_c4_side+1_episode42201_no_switch,42201,False,0,0.3333333333333333,0.3333333333333333,0.3333333333333333
flow_matching,test_c4_side+1_episode42201_no_switch,42201,False,1,0.0022686401594401,0.991864784703526,0.005866575137033891
flow_matching,test_c4_side+1_episode42201_no_switch,42201,False,2,0.009266942360967234,0.9858438322685741,0.004889225370458585
flow_matching,test_c4_side+1_episode42201_no_switch,42201,False,3,0.012513094471385721,0.9778657196843642,0.009621185844250067
flow_matching,test_c4_side+1_episode42201_no_switch,42201,False,4,0.013854896890276736,0.973377467818519,0.012767635291204326
flow_matching,test_c4_side+1_episode42201_no_switch,42201,False,5,0.015089078266123998,0.9655454047885711,0.01936551694530499
flow_matching,test_c4_side+1_episode42201_no_switch,42201,False,6,0.02402325981950034,0.9514299384710385,0.02454680170946115
flow_matching,test_c4_side+1_episode42201_no_switch,42201,False,7,0.032914641233703454,0.9347429820075482,0.032342376758748376
flow_matching,test_c4_side+1_episode42201_no_switch,42201,False,8,0.04449491798648366,0.9182399409007613,0.03726514111275506
flow_matching,test_c4_side+1_episode42201_no_switch,42201,False,9,0.054317439655992845,0.9032483666992972,0.04243419364471001
flow_matching,test_c4_side+1_episode42201_no_switch,42201,False,10,0.06203166636763672,0.8884342149409497,0.049534118691413644
flow_matching,test_c4_side+1_episode42201_no_switch,42201,False,11,0.0745643423509971,0.8746594279975821,0.050776229651420854
flow_matching,test_c4_side+1_episode42201_no_switch,42201,False,12,0.08947473571093408,0.8587500625133148,0.0517752017757511
flow_matching,test_c4_side+1_episode42201_no_switch,42201,False,13,0.1001353119822253,0.8475469814286868,0.05231770658908791
flow_matching,test_c4_side+1_episode42201_no_switch,42201,False,14,0.10840952287004578,0.8351002838755932,0.056490193254361026
flow_matching,test_c4_side+1_episode42201_no_switch,42201,False,15,0.12026182755759353,0.8244278864880633,0.05531028595434319
flow_matching,test_c4_side+1_episode42201_no_switch,42201,False,16,0.13211081846797762,0.8129622075617592,0.054926973970263054
flow_matching,test_c4_side+1_episode42201_no_switch,42201,False,17,0.13231307638524026,0.8090875974492756,0.0585993261654842
flow_matching,test_c4_side+1_episode42201_no_switch,42201,False,18,0.14020254646529146,0.8058985517825771,0.053898901752131516
flow_matching,test_c4_side+1_episode42201_no_switch,42201,False,19,0.1414910204225005,0.8080603535660787,0.050448626011420784
flow_matching,test_c4_side+1_episode42201_no_switch,42201,False,20,0.13998656359447467,0.8111631339308429,0.04885030247468239
flow_matching,test_c4_side+1_episode42201_no_switch,42201,False,21,0.13780330867455368,0.8148836423290704,0.04731304899637588
flow_matching,test_c4_side+1_episode42201_no_switch,42201,False,22,0.12815458564733467,0.8274793999735207,0.044366014379144635
flow_matching,test_c4_side+1_episode42201_no_switch,42201,False,23,0.12650991043753973,0.8363847355423397,0.03710535402012052
flow_matching,test_c4_side+1_episode42201_no_switch,42201,False,24,0.10999421735328054,0.8544789780461437,0.03552680460057575
flow_matching,test_c4_side+1_episode42201_no_switch,42201,False,25,0.10684599322257311,0.8612948442982563,0.03185916247917049
flow_matching,test_c4_side+1_episode42201_no_switch,42201,False,26,0.08897919813075426,0.8818790734308636,0.02914172843838213
flow_matching,test_c4_side+1_episode42201_no_switch,42201,False,27,0.08058601107931708,0.8929364070231272,0.026477581897555655
flow_matching,test_c4_side+1_episode42201_no_switch,42201,False,28,0.06636981919850996,0.9007223267912021,0.03290785401028785
flow_matching,test_c4_side+1_episode42201_no_switch,42201,False,29,0.0563725671533599,0.9070243725910362,0.03660306025560391
flow_matching,test_c4_side+1_episode42201_no_switch,42201,False,30,0.037769805337809374,0.9158153822066304,0.04641481245556013
flow_matching,test_c4_side+1_episode42201_switch_10,42201,True,0,0.3333333333333333,0.3333333333333333,0.3333333333333333
flow_matching,test_c4_side+1_episode42201_switch_10,42201,True,1,0.0035898815331188425,0.9921826642939973,0.004227454172883761
flow_matching,test_c4_side+1_episode42201_switch_10,42201,True,2,0.011211891618240436,0.984545334935284,0.004242773446475567
flow_matching,test_c4_side+1_episode42201_switch_10,42201,True,3,0.011898793949671083,0.9783740734763289,0.009727132573999972
flow_matching,test_c4_side+1_episode42201_switch_10,42201,True,4,0.011994570774100925,0.9733350581521094,0.01467037107378962
flow_matching,test_c4_side+1_episode42201_switch_10,42201,True,5,0.01513594197520779,0.9665400713887929,0.018323986635999386
flow_matching,test_c4_side+1_episode42201_switch_10,42201,True,6,0.023066735791711042,0.9516707074847829,0.02526255672350605
flow_matching,test_c4_side+1_episode42201_switch_10,42201,True,7,0.03353737312874772,0.9356815926346369,0.030781034236615355
flow_matching,test_c4_side+1_episode42201_switch_10,42201,True,8,0.04450378326681165,0.9201935791654886,0.03530263756769984
flow_matching,test_c4_side+1_episode42201_switch_10,42201,True,9,0.05511019745040753,0.9047317794921731,0.040158023057419355
flow_matching,test_c4_side+1_episode42201_switch_10,42201,True,10,0.06459101022647401,0.8900401076755149,0.045368882098011196
flow_matching,test_c4_side+1_episode42201_switch_10,42201,True,11,0.007467088559227519,0.5752635385288566,0.4172693729119159
flow_matching,test_c4_side+1_episode42201_switch_10,42201,True,12,0.001159899192527823,0.36144720247030626,0.637392898337166
flow_matching,test_c4_side+1_episode42201_switch_10,42201,True,13,3.626980753065786e-05,0.10186964598797507,0.8980940842044942
flow_matching,test_c4_side+1_episode42201_switch_10,42201,True,14,2.0778785604912126e-07,0.0020228638725911744,0.9979769283395528
flow_matching,test_c4_side+1_episode42201_switch_10,42201,True,15,3.888704180692172e-10,1.3973859525312468e-05,0.9999860257516043
flow_matching,test_c4_side+1_episode42201_switch_10,42201,True,16,1.1452099430950964e-11,1.087637647245679e-06,0.9999989123509005
flow_matching,test_c4_side+1_episode42201_switch_10,42201,True,17,2.9316322096844744e-14,3.647954376896787e-08,0.9999999635204269
flow_matching,test_c4_side+1_episode42201_switch_10,42201,True,18,0.000183755026053496,0.9993420429956293,0.0004742019783171668
flow_matching,test_c4_side+1_episode42201_switch_10,42201,True,19,0.999999999999885,1.1508084524190312e-13,2.1243839005945208e-30
flow_matching,test_c4_side+1_episode42201_switch_10,42201,True,20,0.9995458872031664,0.00043060097737055797,2.351181946307799e-05
flow_matching,test_c4_side+1_episode42201_switch_10,42201,True,21,0.9443678208090904,0.03787405508398448,0.017758124106925153
flow_matching,test_c4_side+1_episode42201_switch_10,42201,True,22,0.03642292621967523,0.09025336911688303,0.8733237046634419
flow_matching,test_c4_side+1_episode42201_switch_10,42201,True,23,7.586189188466203e-20,2.1738709995566257e-07,0.9999997826129
flow_matching,test_c4_side+1_episode42201_switch_10,42201,True,24,3.563545745868242e-31,5.457704928487413e-16,0.9999999999999996
flow_matching,test_c4_side+1_episode42201_switch_10,42201,True,25,7.819269248268477e-16,1.9746325955086424e-15,0.9999999999999973
flow_matching,test_c4_side+1_episode42201_switch_10,42201,True,26,0.0018008950691099325,6.238549725452329e-07,0.9981984810759176
flow_matching,test_c4_side+1_episode42201_switch_10,42201,True,27,0.16075621382349634,3.151066293944603e-05,0.8392122755135641
flow_matching,test_c4_side+1_episode42201_switch_10,42201,True,28,0.7234057900938282,0.003841187292275784,0.27275302261389595
flow_matching,test_c4_side+1_episode42201_switch_10,42201,True,29,0.9863654072769203,0.00022015106103540275,0.01341444166204418
flow_matching,test_c4_side+1_episode42201_switch_10,42201,True,30,0.996965080922917,0.0010684321297508169,0.0019664869473321285
flow_matching,test_c7_side-1_episode70200_no_switch,70200,False,0,0.3333333333333333,0.3333333333333333,0.3333333333333333
flow_matching,test_c7_side-1_episode70200_no_switch,70200,False,1,0.010534436642298865,0.977023808914484,0.012441754443216952
flow_matching,test_c7_side-1_episode70200_no_switch,70200,False,2,0.015897772402019134,0.9763219342821323,0.007780293315848512
flow_matching,test_c7_side-1_episode70200_no_switch,70200,False,3,0.024074709733724498,0.9684801829719532,0.007445107294322381
flow_matching,test_c7_side-1_episode70200_no_switch,70200,False,4,0.01788585709148109,0.9754258593806185,0.006688283527900191
flow_matching,test_c7_side-1_episode70200_no_switch,70200,False,5,0.01731826491760749,0.9658061134932758,0.016875621589116624
flow_matching,test_c7_side-1_episode70200_no_switch,70200,False,6,0.028497209445759942,0.9356788506594418,0.03582393989479827
flow_matching,test_c7_side-1_episode70200_no_switch,70200,False,7,0.034086183007657686,0.9114245382637817,0.05448927872856057
flow_matching,test_c7_side-1_episode70200_no_switch,70200,False,8,0.04062557639562374,0.8913805647342657,0.06799385887011056
flow_matching,test_c7_side-1_episode70200_no_switch,70200,False,9,0.04282037688493568,0.8755805501461988,0.08159907296886547
flow_matching,test_c7_side-1_episode70200_no_switch,70200,False,10,0.042238088715220556,0.8638095427063571,0.09395236857842232
flow_matching,test_c7_side-1_episode70200_no_switch,70200,False,11,0.04335592645654618,0.8496597813509632,0.10698429219249074
flow_matching,test_c7_side-1_episode70200_no_switch,70200,False,12,0.0462801662734342,0.8404119984243131,0.11330783530225266
flow_matching,test_c7_side-1_episode70200_no_switch,70200,False,13,0.051399705740506424,0.8341680336547623,0.11443226060473129
flow_matching,test_c7_side-1_episode70200_no_switch,70200,False,14,0.04844120999979491,0.831540033811092,0.12001875618911304
flow_matching,test_c7_side-1_episode70200_no_switch,70200,False,15,0.05201065326089065,0.8280132895932587,0.11997605714585073
flow_matching,test_c7_side-1_episode70200_no_switch,70200,False,16,0.057296277097389846,0.8256693913634898,0.11703433153912038
flow_matching,test_c7_side-1_episode70200_no_switch,70200,False,17,0.05254913828909872,0.8261371063328545,0.12131375537804674
flow_matching,test_c7_side-1_episode70200_no_switch,70200,False,18,0.04549294617915095,0.8286204680915,0.1258865857293489
flow_matching,test_c7_side-1_episode70200_no_switch,70200,False,19,0.048387491373187576,0.8301954240505459,0.12141708457626657
flow_matching,test_c7_side-1_episode70200_no_switch,70200,False,20,0.044789603369005074,0.8369181385449945,0.11829225808600048
flow_matching,test_c7_side-1_episode70200_no_switch,70200,False,21,0.044641791864613097,0.8430115331468879,0.11234667498849911
flow_matching,test_c7_side-1_episode70200_no_switch,70200,False,22,0.04657082492632306,0.8470469326978154,0.10638224237586148
flow_matching,test_c7_side-1_episode70200_no_switch,70200,False,23,0.04799256343399336,0.8496677752405686,0.102339661325438
flow_matching,test_c7_side-1_episode70200_no_switch,70200,False,24,0.04789064697498367,0.8558610117540748,0.09624834127094158
flow_matching,test_c7_side-1_episode70200_no_switch,70200,False,25,0.054340023962535594,0.853662273133266,0.0919977029041985
flow_matching,test_c7_side-1_episode70200_no_switch,70200,False,26,0.0625187442923886,0.8546840965108388,0.08279715919677268
flow_matching,test_c7_side-1_episode70200_no_switch,70200,False,27,0.06934960212702608,0.8578255054370537,0.07282489243592036
flow_matching,test_c7_side-1_episode70200_no_switch,70200,False,28,0.07756870062117269,0.8674385791250336,0.0549927202537937
flow_matching,test_c7_side-1_episode70200_no_switch,70200,False,29,0.09053125869199896,0.8621183476555289,0.04735039365247213
flow_matching,test_c7_side-1_episode70200_no_switch,70200,False,30,0.09896802772310476,0.8526179742237447,0.048413998053150505
flow_matching,test_c7_side-1_episode70200_switch_10,70200,True,0,0.3333333333333333,0.3333333333333333,0.3333333333333333
flow_matching,test_c7_side-1_episode70200_switch_10,70200,True,1,0.01930494409348191,0.9756427143060591,0.005052341600459043
flow_matching,test_c7_side-1_episode70200_switch_10,70200,True,2,0.01966966886366435,0.9740808488688891,0.006249482267446572
flow_matching,test_c7_side-1_episode70200_switch_10,70200,True,3,0.021923057244373427,0.9696928517930165,0.008384090962610112
flow_matching,test_c7_side-1_episode70200_switch_10,70200,True,4,0.02150718703245017,0.9720905295291429,0.006402283438406987
flow_matching,test_c7_side-1_episode70200_switch_10,70200,True,5,0.018792592472290294,0.9649808236312253,0.0162265838964845
flow_matching,test_c7_side-1_episode70200_switch_10,70200,True,6,0.028865291210161067,0.9351462062439514,0.035988502545887584
flow_matching,test_c7_side-1_episode70200_switch_10,70200,True,7,0.03694782185870177,0.91118209856495,0.05187007957634815
flow_matching,test_c7_side-1_episode70200_switch_10,70200,True,8,0.04177863984454708,0.8922974544138922,0.06592390574156066
flow_matching,test_c7_side-1_episode70200_switch_10,70200,True,9,0.04385673292619497,0.8787539361141298,0.07738933095967528
flow_matching,test_c7_side-1_episode70200_switch_10,70200,True,10,0.046583663196863453,0.86387785780282,0.08953847900031656
flow_matching,test_c7_side-1_episode70200_switch_10,70200,True,11,0.0015764568853322387,0.6190324521451913,0.37939109096947643
flow_matching,test_c7_side-1_episode70200_switch_10,70200,True,12,0.00013637238210083833,0.47059086339091266,0.5292727642269864
flow_matching,test_c7_side-1_episode70200_switch_10,70200,True,13,1.4427717956811952e-06,0.11839385743197421,0.8816046997962301
flow_matching,test_c7_side-1_episode70200_switch_10,70200,True,14,1.1160594484800616e-10,0.00022143667459419784,0.9997785632137999
flow_matching,test_c7_side-1_episode70200_switch_10,70200,True,15,4.589637944359417e-14,6.14844373708643e-07,0.9999993851555804
flow_matching,test_c7_side-1_episode70200_switch_10,70200,True,16,5.94127014329198e-18,2.0543161792649366e-09,0.9999999979456838
flow_matching,test_c7_side-1_episode70200_switch_10,70200,True,17,8.418963737555449e-25,4.803568386893472e-13,0.9999999999995197
flow_matching,test_c7_side-1_episode70200_switch_10,70200,True,18,8.036072094428848e-20,0.9999967371945191,3.2628054809259755e-06
flow_matching,test_c7_side-1_episode70200_switch_10,70200,True,19,0.9416103822129526,0.0583895549985914,6.278845608361075e-08
flow_matching,test_c7_side-1_episode70200_switch_10,70200,True,20,0.977678632154284,0.0200854464396899,0.0022359214060261316
flow_matching,test_c7_side-1_episode70200_switch_10,70200,True,21,0.9159912394817235,0.023108531796107182,0.06090022872216934
flow_matching,test_c7_side-1_episode70200_switch_10,70200,True,22,0.9992489837545934,0.0005026192907368343,0.0002483969546698133
flow_matching,test_c7_side-1_episode70200_switch_10,70200,True,23,0.9999989783934763,1.021458695280062e-06,1.478284711980747e-10
flow_matching,test_c7_side-1_episode70200_switch_10,70200,True,24,0.9999921422101502,7.855468114550088e-06,2.3217351720431916e-09
flow_matching,test_c7_side-1_episode70200_switch_10,70200,True,25,0.9998862220625955,0.00011344554128541076,3.323961190794262e-07
flow_matching,test_c7_side-1_episode70200_switch_10,70200,True,26,0.9998770976947322,0.00012255554496568634,3.467603022001963e-07
flow_matching,test_c7_side-1_episode70200_switch_10,70200,True,27,0.9996140033802217,0.0003792924327721677,6.704187006193642e-06
flow_matching,test_c7_side-1_episode70200_switch_10,70200,True,28,0.9991789540597498,0.0007779091635635734,4.3136776686723584e-05
flow_matching,test_c7_side-1_episode70200_switch_10,70200,True,29,0.9990200779364342,0.0009072483974822738,7.267366608358599e-05
flow_matching,test_c7_side-1_episode70200_switch_10,70200,True,30,0.9936900275750241,0.004967802158596719,0.0013421702663791932
flow_matching,test_c7_side-1_episode70201_no_switch,70201,False,0,0.3333333333333333,0.3333333333333333,0.3333333333333333
flow_matching,test_c7_side-1_episode70201_no_switch,70201,False,1,0.0033873961325085336,0.9913334282971529,0.005279175570338699
flow_matching,test_c7_side-1_episode70201_no_switch,70201,False,2,0.01295340408242814,0.982041883611796,0.005004712305775848
flow_matching,test_c7_side-1_episode70201_no_switch,70201,False,3,0.03278855991582876,0.9549445736004043,0.012266866483766877
flow_matching,test_c7_side-1_episode70201_no_switch,70201,False,4,0.03078214794164006,0.955297182294544,0.013920669763815903
flow_matching,test_c7_side-1_episode70201_no_switch,70201,False,5,0.023925812808753773,0.9536813109345313,0.02239287625671489
flow_matching,test_c7_side-1_episode70201_no_switch,70201,False,6,0.02643574419687038,0.9370559819395834,0.03650827386354624
flow_matching,test_c7_side-1_episode70201_no_switch,70201,False,7,0.032006015278999614,0.9188046383322049,0.04918934638879545
flow_matching,test_c7_side-1_episode70201_no_switch,70201,False,8,0.03604705822404973,0.9030466194399789,0.06090632233597139
flow_matching,test_c7_side-1_episode70201_no_switch,70201,False,9,0.03881650534735578,0.8882789177326171,0.0729045769200272
flow_matching,test_c7_side-1_episode70201_no_switch,70201,False,10,0.041336012695446636,0.8744342326318069,0.08422975467274657
flow_matching,test_c7_side-1_episode70201_no_switch,70201,False,11,0.04739804472497627,0.8624041806671805,0.09019777460784323
flow_matching,test_c7_side-1_episode70201_no_switch,70201,False,12,0.04940477972000165,0.8523002045548902,0.09829501572510832
flow_matching,test_c7_side-1_episode70201_no_switch,70201,False,13,0.05497387378207403,0.8409399154637144,0.10408621075421168
flow_matching,test_c7_side-1_episode70201_no_switch,70201,False,14,0.0553841184310305,0.8367218605688438,0.10789402100012573
flow_matching,test_c7_side-1_episode70201_no_switch,70201,False,15,0.05725714948703674,0.8294646614725603,0.1132781890404031
flow_matching,test_c7_side-1_episode70201_no_switch,70201,False,16,0.050307826435483496,0.8277316115813338,0.12196056198318264
flow_matching,test_c7_side-1_episode70201_no_switch,70201,False,17,0.045588217342334106,0.8267441389728908,0.12766764368477504
flow_matching,test_c7_side-1_episode70201_no_switch,70201,False,18,0.0438819114409622,0.8286297160757206,0.12748837248331732
flow_matching,test_c7_side-1_episode70201_no_switch,70201,False,19,0.04474972290289377,0.8286793720221536,0.12657090507495272
flow_matching,test_c7_side-1_episode70201_no_switch,70201,False,20,0.04380079733636735,0.8245591520367485,0.13164005062688422
flow_matching,test_c7_side-1_episode70201_no_switch,70201,False,21,0.0452899239959008,0.8282178819336001,0.12649219407049905
flow_matching,test_c7_side-1_episode70201_no_switch,70201,False,22,0.04609600644198644,0.832878225904513,0.12102576765350044
flow_matching,test_c7_side-1_episode70201_no_switch,70201,False,23,0.05262225632958966,0.8396127105976605,0.10776503307274976
flow_matching,test_c7_side-1_episode70201_no_switch,70201,False,24,0.04787781912334478,0.8506400253680417,0.10148215550861353
flow_matching,test_c7_side-1_episode70201_no_switch,70201,False,25,0.04535001711555545,0.8628813886551122,0.09176859422933217
flow_matching,test_c7_side-1_episode70201_no_switch,70201,False,26,0.03480677243946558,0.8740616894570382,0.09113153810349625
flow_matching,test_c7_side-1_episode70201_no_switch,70201,False,27,0.04305274586468137,0.8727577027729931,0.08418955136232552
flow_matching,test_c7_side-1_episode70201_no_switch,70201,False,28,0.049731210094680636,0.8795507670084117,0.07071802289690765
flow_matching,test_c7_side-1_episode70201_no_switch,70201,False,29,0.060774865037502665,0.8869270982061911,0.0522980367563062
flow_matching,test_c7_side-1_episode70201_no_switch,70201,False,30,0.06997201599911831,0.8949467865037799,0.03508119749710174
flow_matching,test_c7_side-1_episode70201_switch_10,70201,True,0,0.3333333333333333,0.3333333333333333,0.3333333333333333
flow_matching,test_c7_side-1_episode70201_switch_10,70201,True,1,0.004187894600396318,0.9920137412546657,0.0037983641449380124
flow_matching,test_c7_side-1_episode70201_switch_10,70201,True,2,0.016076031553947996,0.9801123043848556,0.0038116640611962744
flow_matching,test_c7_side-1_episode70201_switch_10,70201,True,3,0.03476513608049778,0.952969702102072,0.012265161817430235
flow_matching,test_c7_side-1_episode70201_switch_10,70201,True,4,0.03242918401452026,0.9542413382485052,0.013329477736974486
flow_matching,test_c7_side-1_episode70201_switch_10,70201,True,5,0.027129540973430028,0.9512774214490626,0.02159303757750738
flow_matching,test_c7_side-1_episode70201_switch_10,70201,True,6,0.029941244309149215,0.9350049013413453,0.03505385434950557
flow_matching,test_c7_side-1_episode70201_switch_10,70201,True,7,0.03247462333500102,0.9188043504123956,0.048721026252603224
flow_matching,test_c7_side-1_episode70201_switch_10,70201,True,8,0.03946667505037551,0.9012880429403074,0.05924528200931704
flow_matching,test_c7_side-1_episode70201_switch_10,70201,True,9,0.040646539329461336,0.887371080318122,0.07198238035241679
flow_matching,test_c7_side-1_episode70201_switch_10,70201,True,10,0.04357459239642889,0.8748155199422586,0.08160988766131258
flow_matching,test_c7_side-1_episode70201_switch_10,70201,True,11,0.0012697327373742738,0.6172213457444451,0.3815089215181806
flow_matching,test_c7_side-1_episode70201_switch_10,70201,True,12,0.00016566859833211318,0.4254210588296424,0.5744132725720255
flow_matching,test_c7_side-1_episode70201_switch_10,70201,True,13,2.139340373669462e-06,0.09316103518270794,0.9068368254769185
flow_matching,test_c7_side-1_episode70201_switch_10,70201,True,14,2.911517407296166e-10,0.000281994240069083,0.9997180054687792
flow_matching,test_c7_side-1_episode70201_switch_10,70201,True,15,1.1500769209590763e-13,7.864750708923623e-07,0.9999992135248141
flow_matching,test_c7_side-1_episode70201_switch_10,70201,True,16,1.0783577303436587e-18,2.8528772188686467e-09,0.9999999971471227
flow_matching,test_c7_side-1_episode70201_switch_10,70201,True,17,7.279939104185096e-24,8.172220734836361e-13,0.9999999999991829
flow_matching,test_c7_side-1_episode70201_switch_10,70201,True,18,2.8866379635181236e-21,0.9988855353508405,0.0011144646491595175
flow_matching,test_c7_side-1_episode70201_switch_10,70201,True,19,0.9090599342775814,0.09094006572239484,2.3756633967890147e-14
flow_matching,test_c7_side-1_episode70201_switch_10,70201,True,20,0.4969420283615534,0.31576132358540804,0.18729664805303856
flow_matching,test_c7_side-1_episode70201_switch_10,70201,True,21,0.11907162196705778,0.23459276732242265,0.6463356107105196
flow_matching,test_c7_side-1_episode70201_switch_10,70201,True,22,0.9728806321923711,0.021238164932353268,0.005881202875275521
flow_matching,test_c7_side-1_episode70201_switch_10,70201,True,23,0.9997134781455952,0.0002847519547629601,1.7698996418837917e-06
flow_matching,test_c7_side-1_episode70201_switch_10,70201,True,24,0.9999784791554739,2.1519112432855047e-05,1.7320932379691714e-09
flow_matching,test_c7_side-1_episode70201_switch_10,70201,True,25,0.9999587846952928,4.117337511048384e-05,4.1929596843477145e-08
flow_matching,test_c7_side-1_episode70201_switch_10,70201,True,26,0.9999260262067908,7.372973468087623e-05,2.4405852819399086e-07
flow_matching,test_c7_side-1_episode70201_switch_10,70201,True,27,0.9997344776785683,0.0002630880632656208,2.4342581662479907e-06
flow_matching,test_c7_side-1_episode70201_switch_10,70201,True,28,0.9972880767848011,0.002519998518469707,0.00019192469672914644
flow_matching,test_c7_side-1_episode70201_switch_10,70201,True,29,0.9951006195385012,0.004261623355468561,0.0006377571060304206
flow_matching,test_c7_side-1_episode70201_switch_10,70201,True,30,0.9962697366398069,0.003429986173719737,0.000300277186473451
flow_matching,test_c7_side+1_episode72200_no_switch,72200,False,0,0.3333333333333333,0.3333333333333333,0.3333333333333333
flow_matching,test_c7_side+1_episode72200_no_switch,72200,False,1,0.0062224323505756084,0.9909840611474096,0.00279350650201475
flow_matching,test_c7_side+1_episode72200_no_switch,72200,False,2,0.010812166584394309,0.9838765017256451,0.005311331689960547
flow_matching,test_c7_side+1_episode72200_no_switch,72200,False,3,0.009338001643594464,0.9809341286675861,0.009727869688819486
flow_matching,test_c7_side+1_episode72200_no_switch,72200,False,4,0.009326564644818063,0.9768404807676947,0.013832954587487262
flow_matching,test_c7_side+1_episode72200_no_switch,72200,False,5,0.013401350547631656,0.9726538858870115,0.013944763565356792
flow_matching,test_c7_side+1_episode72200_no_switch,72200,False,6,0.022277897900525347,0.9593541583364518,0.018367943763022924
flow_matching,test_c7_side+1_episode72200_no_switch,72200,False,7,0.03355491683421077,0.9424445136108331,0.02400056955495617
flow_matching,test_c7_side+1_episode72200_no_switch,72200,False,8,0.047107496108163685,0.9252329801049167,0.027659523786919507
flow_matching,test_c7_side+1_episode72200_no_switch,72200,False,9,0.06217964977804967,0.908687611880884,0.029132738341066434
flow_matching,test_c7_side+1_episode72200_no_switch,72200,False,10,0.07523944038562169,0.8889163973964608,0.0358441622179176
flow_matching,test_c7_side+1_episode72200_no_switch,72200,False,11,0.09350164612294397,0.8684863748439409,0.03801197903311515
flow_matching,test_c7_side+1_episode72200_no_switch,72200,False,12,0.10740095485638965,0.8507467065639956,0.04185233857961479
flow_matching,test_c7_side+1_episode72200_no_switch,72200,False,13,0.11967441821142293,0.8347640802287443,0.04556150155983278
flow_matching,test_c7_side+1_episode72200_no_switch,72200,False,14,0.12924621480031656,0.8222487549030149,0.04850503029666854
flow_matching,test_c7_side+1_episode72200_no_switch,72200,False,15,0.13978844709967062,0.8130193195494807,0.04719223335084871
flow_matching,test_c7_side+1_episode72200_no_switch,72200,False,16,0.14724951316336243,0.8046520432873653,0.04809844354927235
flow_matching,test_c7_side+1_episode72200_no_switch,72200,False,17,0.14711633208890149,0.8048720661854588,0.04801160172563974
flow_matching,test_c7_side+1_episode72200_no_switch,72200,False,18,0.14828312984311115,0.8086174920840364,0.04309937807285255
flow_matching,test_c7_side+1_episode72200_no_switch,72200,False,19,0.1472712177467729,0.8148311804547478,0.03789760179847926
flow_matching,test_c7_side+1_episode72200_no_switch,72200,False,20,0.13327764711454745,0.8293212019309844,0.03740115095446826
flow_matching,test_c7_side+1_episode72200_no_switch,72200,False,21,0.12238930920595437,0.8451841907751148,0.03242650001893103
flow_matching,test_c7_side+1_episode72200_no_switch,72200,False,22,0.10911119664291892,0.860601008876492,0.030287794480588996
flow_matching,test_c7_side+1_episode72200_no_switch,72200,False,23,0.08235348857845103,0.8835887728960431,0.03405773852550582
flow_matching,test_c7_side+1_episode72200_no_switch,72200,False,24,0.06634433876366246,0.9038026742127473,0.02985298702359025
flow_matching,test_c7_side+1_episode72200_no_switch,72200,False,25,0.04244418371242758,0.9262558981389655,0.031299918148607
flow_matching,test_c7_side+1_episode72200_no_switch,72200,False,26,0.038808930479442345,0.9248920115091177,0.0362990580114398
flow_matching,test_c7_side+1_episode72200_no_switch,72200,False,27,0.04336995274600275,0.9199924118042178,0.03663763544977955
flow_matching,test_c7_side+1_episode72200_no_switch,72200,False,28,0.04007173635786124,0.9123754131580765,0.04755285048406222
flow_matching,test_c7_side+1_episode72200_no_switch,72200,False,29,0.036349097124607356,0.9096972922788706,0.05395361059652202
flow_matching,test_c7_side+1_episode72200_no_switch,72200,False,30,0.0424237278261184,0.9083660672697476,0.04921020490413402
flow_matching,test_c7_side+1_episode72200_switch_10,72200,True,0,0.3333333333333333,0.3333333333333333,0.3333333333333333
flow_matching,test_c7_side+1_episode72200_switch_10,72200,True,1,0.003258735478121384,0.9916196753332273,0.005121589188651344
flow_matching,test_c7_side+1_episode72200_switch_10,72200,True,2,0.014197255419427408,0.9817595869904296,0.0040431575901430416
flow_matching,test_c7_side+1_episode72200_switch_10,72200,True,3,0.010048973744828776,0.980538834254342,0.009412192000829354
flow_matching,test_c7_side+1_episode72200_switch_10,72200,True,4,0.008863334971199066,0.9769178579803034,0.01421880704849756
flow_matching,test_c7_side+1_episode72200_switch_10,72200,True,5,0.013456014653034325,0.9733265292330032,0.013217456113962389
flow_matching,test_c7_side+1_episode72200_switch_10,72200,True,6,0.020427670306171413,0.9590351214087772,0.02053720828505122
flow_matching,test_c7_side+1_episode72200_switch_10,72200,True,7,0.031756374943963064,0.9423192668885149,0.0259243581675221
flow_matching,test_c7_side+1_episode72200_switch_10,72200,True,8,0.042950178583832654,0.9247976084580543,0.032252212958113105
flow_matching,test_c7_side+1_episode72200_switch_10,72200,True,9,0.05543945658691757,0.9075946306334332,0.03696591277964926
flow_matching,test_c7_side+1_episode72200_switch_10,72200,True,10,0.07155774654000674,0.8899357522566118,0.038506501203381414
flow_matching,test_c7_side+1_episode72200_switch_10,72200,True,11,0.017547625910428567,0.6906281399926552,0.29182423409691627
flow_matching,test_c7_side+1_episode72200_switch_10,72200,True,12,0.004440615676627292,0.5470826287292887,0.4484767555940841
flow_matching,test_c7_side+1_episode72200_switch_10,72200,True,13,0.0007586307888406166,0.33788657377882836,0.6613547954323311
flow_matching,test_c7_side+1_episode72200_switch_10,72200,True,14,2.7903560369614596e-05,0.032971095808634054,0.9670010006309964
flow_matching,test_c7_side+1_episode72200_switch_10,72200,True,15,2.378291329957655e-06,0.0009672666342739552,0.9990303550743961
flow_matching,test_c7_side+1_episode72200_switch_10,72200,True,16,3.0602243380010216e-07,0.00018980698596349695,0.9998098869916027
flow_matching,test_c7_side+1_episode72200_switch_10,72200,True,17,4.1309271809752426e-08,4.101379151946499e-05,0.9999589448992088
flow_matching,test_c7_side+1_episode72200_switch_10,72200,True,18,6.842181947677175e-09,1.266650282528135e-05,0.9999873266549928
flow_matching,test_c7_side+1_episode72200_switch_10,72200,True,19,1.0,1.168070462032242e-28,4.775053869267203e-62
flow_matching,test_c7_side+1_episode72200_switch_10,72200,True,20,0.996527085809347,0.0027818486498327275,0.0006910655408202135
flow_matching,test_c7_side+1_episode72200_switch_10,72200,True,21,0.9464978286805096,0.02266447891648673,0.030837692403003655
flow_matching,test_c7_side+1_episode72200_switch_10,72200,True,22,0.0236135820416025,0.006316107734518691,0.9700703102238788
flow_matching,test_c7_side+1_episode72200_switch_10,72200,True,23,6.418652254595628e-15,3.2858242405965714e-06,0.999996714175753
flow_matching,test_c7_side+1_episode72200_switch_10,72200,True,24,1.0407179705413316e-27,1.0485118227679193e-14,0.9999999999999896
flow_matching,test_c7_side+1_episode72200_switch_10,72200,True,25,6.424773685997177e-15,8.822925318814794e-15,0.9999999999999847
flow_matching,test_c7_side+1_episode72200_switch_10,72200,True,26,1.1550733381033115e-11,7.864785736250655e-12,0.9999999999805844
flow_matching,test_c7_side+1_episode72200_switch_10,72200,True,27,0.000981468906230141,3.3265576608569086e-05,0.9989852655171613
flow_matching,test_c7_side+1_episode72200_switch_10,72200,True,28,0.01579271495920742,0.000968821449881256,0.9832384635909114
flow_matching,test_c7_side+1_episode72200_switch_10,72200,True,29,0.6937210714788439,0.0035187010784400678,0.3027602274427159
flow_matching,test_c7_side+1_episode72200_switch_10,72200,True,30,0.9556362823491016,0.001642994384485164,0.042720723266413185
flow_matching,test_c7_side+1_episode72201_no_switch,72201,False,0,0.3333333333333333,0.3333333333333333,0.3333333333333333
flow_matching,test_c7_side+1_episode72201_no_switch,72201,False,1,0.003182516491489552,0.9943425793595715,0.0024749041489388946
flow_matching,test_c7_side+1_episode72201_no_switch,72201,False,2,0.006827619371351514,0.9892423508329242,0.0039300297957243395
flow_matching,test_c7_side+1_episode72201_no_switch,72201,False,3,0.0078957321605718,0.9808302616032685,0.011274006236159718
flow_matching,test_c7_side+1_episode72201_no_switch,72201,False,4,0.01202408191061174,0.972341580956142,0.015634337133246298
flow_matching,test_c7_side+1_episode72201_no_switch,72201,False,5,0.016439772809151543,0.9671094741051695,0.016450753085679053
flow_matching,test_c7_side+1_episode72201_no_switch,72201,False,6,0.023924116445062888,0.9543410564362691,0.021734827118667963
flow_matching,test_c7_side+1_episode72201_no_switch,72201,False,7,0.030443997130470853,0.9405257538239352,0.029030249045593898
flow_matching,test_c7_side+1_episode72201_no_switch,72201,False,8,0.03922428599079845,0.9279616435752528,0.03281407043394871
flow_matching,test_c7_side+1_episode72201_no_switch,72201,False,9,0.04978338373084682,0.9125094177990754,0.037707198470077925
flow_matching,test_c7_side+1_episode72201_no_switch,72201,False,10,0.06055313644535955,0.8961905838592403,0.043256279695400114
flow_matching,test_c7_side+1_episode72201_no_switch,72201,False,11,0.0738350221175347,0.8814264257853822,0.04473855209708312
flow_matching,test_c7_side+1_episode72201_no_switch,72201,False,12,0.08663527722381092,0.8641238476711902,0.049240875104998846
flow_matching,test_c7_side+1_episode72201_no_switch,72201,False,13,0.09726542380935521,0.848632320425463,0.054102255765181725
flow_matching,test_c7_side+1_episode72201_no_switch,72201,False,14,0.1111817847499302,0.8335336889329569,0.05528452631711293
flow_matching,test_c7_side+1_episode72201_no_switch,72201,False,15,0.12370459358154474,0.8208203409609827,0.055475065457472494
flow_matching,test_c7_side+1_episode72201_no_switch,72201,False,16,0.1324430508946879,0.8137562071137996,0.05380074199151234
flow_matching,test_c7_side+1_episode72201_no_switch,72201,False,17,0.13879093323226166,0.8079704412375242,0.053238625530214266
flow_matching,test_c7_side+1_episode72201_no_switch,72201,False,18,0.14313525720734852,0.8072148788000184,0.04964986399263304
flow_matching,test_c7_side+1_episode72201_no_switch,72201,False,19,0.1349346605613226,0.8189889125862562,0.04607642685242126
flow_matching,test_c7_side+1_episode72201_no_switch,72201,False,20,0.12295609294552569,0.8342218642096673,0.04282204284480709
flow_matching,test_c7_side+1_episode72201_no_switch,72201,False,21,0.1154203861248171,0.8462600056982548,0.03831960817692804
flow_matching,test_c7_side+1_episode72201_no_switch,72201,False,22,0.09729010882071445,0.8686352639304249,0.03407462724886068
flow_matching,test_c7_side+1_episode72201_no_switch,72201,False,23,0.0848175275954292,0.8824269172076268,0.03275555519694415
flow_matching,test_c7_side+1_episode72201_no_switch,72201,False,24,0.0696060734156735,0.901583236388198,0.028810690196128443
flow_matching,test_c7_side+1_episode72201_no_switch,72201,False,25,0.05759041514517109,0.9134007386781128,0.029008846176716105
flow_matching,test_c7_side+1_episode72201_no_switch,72201,False,26,0.04332641737237669,0.9232177506101515,0.03345583201747179
flow_matching,test_c7_side+1_episode72201_no_switch,72201,False,27,0.0381610578255613,0.9285340097499951,0.03330493242444367
flow_matching,test_c7_side+1_episode72201_no_switch,72201,False,28,0.03570226223163177,0.9234678371748674,0.040829900593500924
flow_matching,test_c7_side+1_episode72201_no_switch,72201,False,29,0.03466196345526404,0.9168704647118738,0.04846757183286207
flow_matching,test_c7_side+1_episode72201_no_switch,72201,False,30,0.03764947877015608,0.9145031260995871,0.047847395130256966
flow_matching,test_c7_side+1_episode72201_switch_10,72201,True,0,0.3333333333333333,0.3333333333333333,0.3333333333333333
flow_matching,test_c7_side+1_episode72201_switch_10,72201,True,1,0.002779920787641406,0.9946824114715174,0.0025376677408412013
flow_matching,test_c7_side+1_episode72201_switch_10,72201,True,2,0.005762521397314921,0.9888940948251624,0.005343383777522696
flow_matching,test_c7_side+1_episode72201_switch_10,72201,True,3,0.007219795349655918,0.980150446614985,0.012629758035359054
flow_matching,test_c7_side+1_episode72201_switch_10,72201,True,4,0.009759062965462029,0.9715344501323023,0.01870648690223571
flow_matching,test_c7_side+1_episode72201_switch_10,72201,True,5,0.015282444286039296,0.9664818748736118,0.01823568084034878
flow_matching,test_c7_side+1_episode72201_switch_10,72201,True,6,0.0216769488354981,0.9551307931619066,0.0231922580025953
flow_matching,test_c7_side+1_episode72201_switch_10,72201,True,7,0.0310916129138769,0.9424674271910114,0.026440959895111745
flow_matching,test_c7_side+1_episode72201_switch_10,72201,True,8,0.041438123791979746,0.9283005411441739,0.030261335063846338
flow_matching,test_c7_side+1_episode72201_switch_10,72201,True,9,0.05126690032146841,0.9126081791922919,0.03612492048623972
flow_matching,test_c7_side+1_episode72201_switch_10,72201,True,10,0.06220076910782102,0.896746090964864,0.041053139927315116
flow_matching,test_c7_side+1_episode72201_switch_10,72201,True,11,0.012184431735208336,0.6700294118930578,0.3177861563717339
flow_matching,test_c7_side+1_episode72201_switch_10,72201,True,12,0.0027961800582206983,0.4751309044612677,0.5220729154805117
flow_matching,test_c7_side+1_episode72201_switch_10,72201,True,13,0.0004168379982969358,0.2431591150149647,0.7564240469867384
flow_matching,test_c7_side+1_episode72201_switch_10,72201,True,14,9.508416006273757e-06,0.014964077189199098,0.9850264143947945
flow_matching,test_c7_side+1_episode72201_switch_10,72201,True,15,3.0151436217194245e-07,0.00033734783082225235,0.9996623506548156
flow_matching,test_c7_side+1_episode72201_switch_10,72201,True,16,1.3329915123788987e-08,4.869502122690695e-05,0.9999512916488579
flow_matching,test_c7_side+1_episode72201_switch_10,72201,True,17,4.358278956264376e-09,1.793265102042859e-05,0.9999820629907006
flow_matching,test_c7_side+1_episode72201_switch_10,72201,True,18,1.4508555388674462e-10,1.418814165917338e-06,0.9999985810407486
flow_matching,test_c7_side+1_episode72201_switch_10,72201,True,19,1.0,1.249085455220493e-33,4.413117291278469e-78
flow_matching,test_c7_side+1_episode72201_switch_10,72201,True,20,0.9983871016961725,0.001228439183250762,0.00038445912057675705
flow_matching,test_c7_side+1_episode72201_switch_10,72201,True,21,0.12283670296308744,0.24506675409391265,0.6320965429429999
flow_matching,test_c7_side+1_episode72201_switch_10,72201,True,22,8.743932853142895e-05,0.010783888227294619,0.9891286724441739
flow_matching,test_c7_side+1_episode72201_switch_10,72201,True,23,3.0509103238380245e-15,4.337087041658132e-06,0.9999956629129554
flow_matching,test_c7_side+1_episode72201_switch_10,72201,True,24,1.0329935884505033e-21,4.281597280007046e-14,0.9999999999999571
flow_matching,test_c7_side+1_episode72201_switch_10,72201,True,25,3.371522416587502e-20,4.9265071454323546e-18,1.0
flow_matching,test_c7_side+1_episode72201_switch_10,72201,True,26,1.2599164919997368e-07,3.5077490298232725e-08,0.9999998389308605
flow_matching,test_c7_side+1_episode72201_switch_10,72201,True,27,4.7063871785186914e-05,3.989542493808127e-05,0.9999130407032767
flow_matching,test_c7_side+1_episode72201_switch_10,72201,True,28,1.977611354396881e-06,5.998955949066225e-06,0.9999920234326964
flow_matching,test_c7_side+1_episode72201_switch_10,72201,True,29,0.8162389181225921,0.016728609644502068,0.16703247223290577
flow_matching,test_c7_side+1_episode72201_switch_10,72201,True,30,0.9791930463460107,0.003219881694530257,0.017587071959459046
